code_maitre,cle,type_mco_atih,statut
A00,A00,3,père interdit (type 3)
A01,A01,3,père interdit (type 3)
A02,A02,3,père interdit (type 3)
A03,A03,3,père interdit (type 3)
A04,A04,3,père interdit (type 3)
A05,A05,3,père interdit (type 3)
A06,A06,3,père interdit (type 3)
A07,A07,3,père interdit (type 3)
A08,A08,3,père interdit (type 3)
A09,A09,3,père interdit (type 3)
A15,A15,3,père interdit (type 3)
A16,A16,3,père interdit (type 3)
A17,A17,3,père interdit (type 3)
A18,A18,3,père interdit (type 3)
A19,A19,3,père interdit (type 3)
A20,A20,3,père interdit (type 3)
A21,A21,3,père interdit (type 3)
A22,A22,3,père interdit (type 3)
A23,A23,3,père interdit (type 3)
A24,A24,3,père interdit (type 3)
A25,A25,3,père interdit (type 3)
A26,A26,3,père interdit (type 3)
A27,A27,3,père interdit (type 3)
A28,A28,3,père interdit (type 3)
A30,A30,3,père interdit (type 3)
A31,A31,3,père interdit (type 3)
A32,A32,3,père interdit (type 3)
A36,A36,3,père interdit (type 3)
A37,A37,3,père interdit (type 3)
A39,A39,3,père interdit (type 3)
A40,A40,3,père interdit (type 3)
A41,A41,3,père interdit (type 3)
A42,A42,3,père interdit (type 3)
A43,A43,3,père interdit (type 3)
A44,A44,3,père interdit (type 3)
A48,A48,3,père interdit (type 3)
A49,A49,3,père interdit (type 3)
A50,A50,3,père interdit (type 3)
A51,A51,3,père interdit (type 3)
A52,A52,3,père interdit (type 3)
A53,A53,3,père interdit (type 3)
A54,A54,3,père interdit (type 3)
A56,A56,3,père interdit (type 3)
A59,A59,3,père interdit (type 3)
A60,A60,3,père interdit (type 3)
A63,A63,3,père interdit (type 3)
A63.0,A630,3,père interdit (type 3)
A66,A66,3,père interdit (type 3)
A67,A67,3,père interdit (type 3)
A68,A68,3,père interdit (type 3)
A69,A69,3,père interdit (type 3)
A71,A71,3,père interdit (type 3)
A74,A74,3,père interdit (type 3)
A75,A75,3,père interdit (type 3)
A77,A77,3,père interdit (type 3)
A79,A79,3,père interdit (type 3)
A80,A80,3,père interdit (type 3)
A81,A81,3,père interdit (type 3)
A82,A82,3,père interdit (type 3)
A83,A83,3,père interdit (type 3)
A84,A84,3,père interdit (type 3)
A85,A85,3,père interdit (type 3)
A87,A87,3,père interdit (type 3)
A88,A88,3,père interdit (type 3)
A92,A92,3,père interdit (type 3)
A93,A93,3,père interdit (type 3)
A95,A95,3,père interdit (type 3)
A96,A96,3,père interdit (type 3)
A97,A97,3,père interdit (type 3)
A98,A98,3,père interdit (type 3)
B00,B00,3,père interdit (type 3)
B01,B01,3,père interdit (type 3)
B02,B02,3,père interdit (type 3)
B05,B05,3,père interdit (type 3)
B06,B06,3,père interdit (type 3)
B08,B08,3,père interdit (type 3)
B15,B15,3,père interdit (type 3)
B16,B16,3,père interdit (type 3)
B17,B17,3,père interdit (type 3)
B18,B18,3,père interdit (type 3)
B18.0,B180,0,autorisé MCO (type ≠ 3)
B18.1,B181,0,autorisé MCO (type ≠ 3)
B19,B19,3,père interdit (type 3)
B20,B20,3,père interdit (type 3)
B21,B21,3,père interdit (type 3)
B22,B22,3,père interdit (type 3)
B23,B23,3,père interdit (type 3)
B24,B24,3,père interdit (type 3)
B25,B25,3,père interdit (type 3)
B26,B26,3,père interdit (type 3)
B27,B27,3,père interdit (type 3)
B30,B30,3,père interdit (type 3)
B33,B33,3,père interdit (type 3)
B34,B34,3,père interdit (type 3)
B35,B35,3,père interdit (type 3)
B36,B36,3,père interdit (type 3)
B37,B37,3,père interdit (type 3)
B38,B38,3,père interdit (type 3)
B39,B39,3,père interdit (type 3)
B40,B40,3,père interdit (type 3)
B41,B41,3,père interdit (type 3)
B42,B42,3,père interdit (type 3)
B43,B43,3,père interdit (type 3)
B44,B44,3,père interdit (type 3)
B45,B45,3,père interdit (type 3)
B46,B46,3,père interdit (type 3)
B47,B47,3,père interdit (type 3)
B48,B48,3,père interdit (type 3)
B50,B50,3,père interdit (type 3)
B51,B51,3,père interdit (type 3)
B52,B52,3,père interdit (type 3)
B53,B53,3,père interdit (type 3)
B55,B55,3,père interdit (type 3)
B56,B56,3,père interdit (type 3)
B57,B57,3,père interdit (type 3)
B58,B58,3,père interdit (type 3)
B60,B60,3,père interdit (type 3)
B60.8,B608,3,père interdit (type 3)
B65,B65,3,père interdit (type 3)
B66,B66,3,père interdit (type 3)
B67,B67,3,père interdit (type 3)
B68,B68,3,père interdit (type 3)
B69,B69,3,père interdit (type 3)
B70,B70,3,père interdit (type 3)
B71,B71,3,père interdit (type 3)
B74,B74,3,père interdit (type 3)
B76,B76,3,père interdit (type 3)
B77,B77,3,père interdit (type 3)
B78,B78,3,père interdit (type 3)
B81,B81,3,père interdit (type 3)
B82,B82,3,père interdit (type 3)
B83,B83,3,père interdit (type 3)
B85,B85,3,père interdit (type 3)
B87,B87,3,père interdit (type 3)
B88,B88,3,père interdit (type 3)
B90,B90,3,père interdit (type 3)
B94,B94,3,père interdit (type 3)
B95,B95,3,père interdit (type 3)
B96,B96,3,père interdit (type 3)
B96.8,B968,3,père interdit (type 3)
B97,B97,3,père interdit (type 3)
B98,B98,3,père interdit (type 3)
B99,B99,3,père interdit (type 3)
C00,C00,3,père interdit (type 3)
C02,C02,3,père interdit (type 3)
C03,C03,3,père interdit (type 3)
C04,C04,3,père interdit (type 3)
C05,C05,3,père interdit (type 3)
C06,C06,3,père interdit (type 3)
C08,C08,3,père interdit (type 3)
C09,C09,3,père interdit (type 3)
C10,C10,3,père interdit (type 3)
C11,C11,3,père interdit (type 3)
C13,C13,3,père interdit (type 3)
C14,C14,3,père interdit (type 3)
C15,C15,3,père interdit (type 3)
C16,C16,3,père interdit (type 3)
C16.9,C169,0,autorisé MCO (type ≠ 3)
C17,C17,3,père interdit (type 3)
C18,C18,3,père interdit (type 3)
C18.9,C189,0,autorisé MCO (type ≠ 3)
C21,C21,3,père interdit (type 3)
C22,C22,3,père interdit (type 3)
C24,C24,3,père interdit (type 3)
C25,C25,3,père interdit (type 3)
C25.4,C254,0,autorisé MCO (type ≠ 3)
C25.9,C259,0,autorisé MCO (type ≠ 3)
C26,C26,3,père interdit (type 3)
C30,C30,3,père interdit (type 3)
C31,C31,3,père interdit (type 3)
C32,C32,3,père interdit (type 3)
C34,C34,3,père interdit (type 3)
C38,C38,3,père interdit (type 3)
C39,C39,3,père interdit (type 3)
C40,C40,3,père interdit (type 3)
C41,C41,3,père interdit (type 3)
C43,C43,3,père interdit (type 3)
C44,C44,3,père interdit (type 3)
C45,C45,3,père interdit (type 3)
C46,C46,3,père interdit (type 3)
C46.7,C467,3,père interdit (type 3)
C47,C47,3,père interdit (type 3)
C48,C48,3,père interdit (type 3)
C49,C49,3,père interdit (type 3)
C49.3,C493,3,père interdit (type 3)
C49.4,C494,3,père interdit (type 3)
C49.5,C495,3,père interdit (type 3)
C50,C50,3,père interdit (type 3)
C51,C51,3,père interdit (type 3)
C53,C53,3,père interdit (type 3)
C54,C54,3,père interdit (type 3)
C57,C57,3,père interdit (type 3)
C60,C60,3,père interdit (type 3)
C62,C62,3,père interdit (type 3)
C63,C63,3,père interdit (type 3)
C67,C67,3,père interdit (type 3)
C68,C68,3,père interdit (type 3)
C69,C69,3,père interdit (type 3)
C70,C70,3,père interdit (type 3)
C71,C71,3,père interdit (type 3)
C72,C72,3,père interdit (type 3)
C74,C74,3,père interdit (type 3)
C75,C75,3,père interdit (type 3)
C76,C76,3,père interdit (type 3)
C77,C77,3,père interdit (type 3)
C78,C78,3,père interdit (type 3)
C79,C79,3,père interdit (type 3)
C80,C80,3,père interdit (type 3)
C81,C81,3,père interdit (type 3)
C82,C82,3,père interdit (type 3)
C83,C83,3,père interdit (type 3)
C84,C84,3,père interdit (type 3)
C85,C85,3,père interdit (type 3)
C86,C86,3,père interdit (type 3)
C88,C88,3,père interdit (type 3)
C90,C90,3,père interdit (type 3)
C91,C91,3,père interdit (type 3)
C92,C92,3,père interdit (type 3)
C93,C93,3,père interdit (type 3)
C94,C94,3,père interdit (type 3)
C95,C95,3,père interdit (type 3)
C96,C96,3,père interdit (type 3)
D00,D00,3,père interdit (type 3)
D01,D01,3,père interdit (type 3)
D02,D02,3,père interdit (type 3)
D03,D03,3,père interdit (type 3)
D04,D04,3,père interdit (type 3)
D05,D05,3,père interdit (type 3)
D06,D06,3,père interdit (type 3)
D07,D07,3,père interdit (type 3)
D09,D09,3,père interdit (type 3)
D10,D10,3,père interdit (type 3)
D11,D11,3,père interdit (type 3)
D12,D12,3,père interdit (type 3)
D12.6,D126,0,autorisé MCO (type ≠ 3)
D13,D13,3,père interdit (type 3)
D13.9,D139,3,père interdit (type 3)
D14,D14,3,père interdit (type 3)
D15,D15,3,père interdit (type 3)
D16,D16,3,père interdit (type 3)
D17,D17,3,père interdit (type 3)
D18,D18,3,père interdit (type 3)
D19,D19,3,père interdit (type 3)
D20,D20,3,père interdit (type 3)
D21,D21,3,père interdit (type 3)
D21.3,D213,3,père interdit (type 3)
D21.4,D214,3,père interdit (type 3)
D21.5,D215,3,père interdit (type 3)
D22,D22,3,père interdit (type 3)
D23,D23,3,père interdit (type 3)
D25,D25,3,père interdit (type 3)
D26,D26,3,père interdit (type 3)
D28,D28,3,père interdit (type 3)
D29,D29,3,père interdit (type 3)
D30,D30,3,père interdit (type 3)
D31,D31,3,père interdit (type 3)
D32,D32,3,père interdit (type 3)
D33,D33,3,père interdit (type 3)
D35,D35,3,père interdit (type 3)
D36,D36,3,père interdit (type 3)
D37,D37,3,père interdit (type 3)
D38,D38,3,père interdit (type 3)
D39,D39,3,père interdit (type 3)
D40,D40,3,père interdit (type 3)
D41,D41,3,père interdit (type 3)
D42,D42,3,père interdit (type 3)
D43,D43,3,père interdit (type 3)
D44,D44,3,père interdit (type 3)
D44.4,D444,3,père interdit (type 3)
D46,D46,3,père interdit (type 3)
D47,D47,3,père interdit (type 3)
D48,D48,3,père interdit (type 3)
D48.3,D483,3,père interdit (type 3)
D50,D50,3,père interdit (type 3)
D51,D51,3,père interdit (type 3)
D52,D52,3,père interdit (type 3)
D53,D53,3,père interdit (type 3)
D55,D55,3,père interdit (type 3)
D56,D56,3,père interdit (type 3)
D57,D57,3,père interdit (type 3)
D58,D58,3,père interdit (type 3)
D59,D59,3,père interdit (type 3)
D60,D60,3,père interdit (type 3)
D61,D61,3,père interdit (type 3)
D63,D63,3,père interdit (type 3)
D64,D64,3,père interdit (type 3)
D68,D68,3,père interdit (type 3)
D69,D69,3,père interdit (type 3)
D72,D72,3,père interdit (type 3)
D73,D73,3,père interdit (type 3)
D74,D74,3,père interdit (type 3)
D75,D75,3,père interdit (type 3)
D76,D76,3,père interdit (type 3)
D80,D80,3,père interdit (type 3)
D81,D81,3,père interdit (type 3)
D82,D82,3,père interdit (type 3)
D83,D83,3,père interdit (type 3)
D84,D84,3,père interdit (type 3)
D86,D86,3,père interdit (type 3)
D89,D89,3,père interdit (type 3)
E00,E00,3,père interdit (type 3)
E01,E01,3,père interdit (type 3)
E03,E03,3,père interdit (type 3)
E04,E04,3,père interdit (type 3)
E05,E05,3,père interdit (type 3)
E06,E06,3,père interdit (type 3)
E07,E07,3,père interdit (type 3)
E10,E10,3,père interdit (type 3)
E11,E11,3,père interdit (type 3)
E11.0,E110,3,père interdit (type 3)
E11.1,E111,3,père interdit (type 3)
E11.2,E112,3,père interdit (type 3)
E11.3,E113,3,père interdit (type 3)
E11.4,E114,3,père interdit (type 3)
E11.5,E115,3,père interdit (type 3)
E11.6,E116,3,père interdit (type 3)
E11.7,E117,3,père interdit (type 3)
E11.8,E118,3,père interdit (type 3)
E11.9,E119,3,père interdit (type 3)
E12,E12,3,père interdit (type 3)
E13,E13,3,père interdit (type 3)
E14,E14,3,père interdit (type 3)
E16,E16,3,père interdit (type 3)
E20,E20,3,père interdit (type 3)
E21,E21,3,père interdit (type 3)
E22,E22,3,père interdit (type 3)
E23,E23,3,père interdit (type 3)
E24,E24,3,père interdit (type 3)
E25,E25,3,père interdit (type 3)
E26,E26,3,père interdit (type 3)
E27,E27,3,père interdit (type 3)
E28,E28,3,père interdit (type 3)
E29,E29,3,père interdit (type 3)
E30,E30,3,père interdit (type 3)
E31,E31,3,père interdit (type 3)
E32,E32,3,père interdit (type 3)
E34,E34,3,père interdit (type 3)
E35,E35,3,père interdit (type 3)
E44,E44,3,père interdit (type 3)
E50,E50,3,père interdit (type 3)
E51,E51,3,père interdit (type 3)
E53,E53,3,père interdit (type 3)
E55,E55,3,père interdit (type 3)
E56,E56,3,père interdit (type 3)
E61,E61,3,père interdit (type 3)
E63,E63,3,père interdit (type 3)
E64,E64,3,père interdit (type 3)
E66,E66,3,père interdit (type 3)
E66.0,E660,3,père interdit (type 3)
E66.1,E661,3,père interdit (type 3)
E66.2,E662,3,père interdit (type 3)
E66.8,E668,3,père interdit (type 3)
E66.9,E669,3,père interdit (type 3)
E67,E67,3,père interdit (type 3)
E70,E70,3,père interdit (type 3)
E71,E71,3,père interdit (type 3)
E72,E72,3,père interdit (type 3)
E73,E73,3,père interdit (type 3)
E74,E74,3,père interdit (type 3)
E75,E75,3,père interdit (type 3)
E76,E76,3,père interdit (type 3)
E77,E77,3,père interdit (type 3)
E78,E78,3,père interdit (type 3)
E79,E79,3,père interdit (type 3)
E80,E80,3,père interdit (type 3)
E83,E83,3,père interdit (type 3)
E83.5,E835,3,père interdit (type 3)
E84,E84,3,père interdit (type 3)
E85,E85,3,père interdit (type 3)
E87,E87,3,père interdit (type 3)
E87.0,E870,3,père interdit (type 3)
E87.1,E871,3,père interdit (type 3)
E87.5,E875,3,père interdit (type 3)
E87.6,E876,3,père interdit (type 3)
E88,E88,3,père interdit (type 3)
E89,E89,3,père interdit (type 3)
I01,I01,3,père interdit (type 3)
I02,I02,3,père interdit (type 3)
I05,I05,3,père interdit (type 3)
I06,I06,3,père interdit (type 3)
I07,I07,3,père interdit (type 3)
I08,I08,3,père interdit (type 3)
I09,I09,3,père interdit (type 3)
I11,I11,3,père interdit (type 3)
I11.0,I110,3,père interdit (type 3)
I12,I12,3,père interdit (type 3)
I13,I13,3,père interdit (type 3)
I13.0,I130,3,père interdit (type 3)
I13.2,I132,3,père interdit (type 3)
I15,I15,3,père interdit (type 3)
I20,I20,3,père interdit (type 3)
I21,I21,3,père interdit (type 3)
I21.0,I210,3,père interdit (type 3)
I21.00,I2100,0,autorisé MCO (type ≠ 3)
I21.1,I211,3,père interdit (type 3)
I21.10,I2110,0,autorisé MCO (type ≠ 3)
I21.2,I212,3,père interdit (type 3)
I21.20,I2120,0,autorisé MCO (type ≠ 3)
I21.3,I213,3,père interdit (type 3)
I21.30,I2130,0,autorisé MCO (type ≠ 3)
I21.4,I214,3,père interdit (type 3)
I21.40,I2140,0,autorisé MCO (type ≠ 3)
I21.9,I219,3,père interdit (type 3)
I21.90,I2190,0,autorisé MCO (type ≠ 3)
I22,I22,3,père interdit (type 3)
I22.0,I220,3,père interdit (type 3)
I22.00,I2200,0,autorisé MCO (type ≠ 3)
I22.1,I221,3,père interdit (type 3)
I22.10,I2210,0,autorisé MCO (type ≠ 3)
I22.8,I228,3,père interdit (type 3)
I22.80,I2280,0,autorisé MCO (type ≠ 3)
I22.9,I229,3,père interdit (type 3)
I22.90,I2290,0,autorisé MCO (type ≠ 3)
I23,I23,3,père interdit (type 3)
I24,I24,3,père interdit (type 3)
I25,I25,3,père interdit (type 3)
I26,I26,3,père interdit (type 3)
I27,I27,3,père interdit (type 3)
I28,I28,3,père interdit (type 3)
I30,I30,3,père interdit (type 3)
I31,I31,3,père interdit (type 3)
I32,I32,3,père interdit (type 3)
I33,I33,3,père interdit (type 3)
I34,I34,3,père interdit (type 3)
I35,I35,3,père interdit (type 3)
I36,I36,3,père interdit (type 3)
I37,I37,3,père interdit (type 3)
I39,I39,3,père interdit (type 3)
I40,I40,3,père interdit (type 3)
I41,I41,3,père interdit (type 3)
I42,I42,3,père interdit (type 3)
I43,I43,3,père interdit (type 3)
I44,I44,3,père interdit (type 3)
I45,I45,3,père interdit (type 3)
I46,I46,3,père interdit (type 3)
I47,I47,3,père interdit (type 3)
I48,I48,3,père interdit (type 3)
I49,I49,3,père interdit (type 3)
I50,I50,3,père interdit (type 3)
I50.0,I500,3,père interdit (type 3)
I50.1,I501,3,père interdit (type 3)
I51,I51,3,père interdit (type 3)
I52,I52,3,père interdit (type 3)
I60,I60,3,père interdit (type 3)
I61,I61,3,père interdit (type 3)
I62,I62,3,père interdit (type 3)
I63,I63,3,père interdit (type 3)
I65,I65,3,père interdit (type 3)
I66,I66,3,père interdit (type 3)
I67,I67,3,père interdit (type 3)
I68,I68,3,père interdit (type 3)
I69,I69,3,père interdit (type 3)
I70,I70,3,père interdit (type 3)
I70.2,I702,3,père interdit (type 3)
I70.20,I7020,0,autorisé MCO (type ≠ 3)
I70.21,I7021,0,autorisé MCO (type ≠ 3)
I71,I71,3,père interdit (type 3)
I72,I72,3,père interdit (type 3)
I73,I73,3,père interdit (type 3)
I74,I74,3,père interdit (type 3)
I77,I77,3,père interdit (type 3)
I78,I78,3,père interdit (type 3)
I79,I79,3,père interdit (type 3)
I80,I80,3,père interdit (type 3)
I82,I82,3,père interdit (type 3)
I83,I83,3,père interdit (type 3)
I85,I85,3,père interdit (type 3)
I86,I86,3,père interdit (type 3)
I87,I87,3,père interdit (type 3)
I88,I88,3,père interdit (type 3)
I89,I89,3,père interdit (type 3)
I95,I95,3,père interdit (type 3)
I97,I97,3,père interdit (type 3)
I98,I98,3,père interdit (type 3)
F00,F00,3,père interdit (type 3)
F00.0,F000,0,autorisé MCO (type ≠ 3)
F00.00,F0000,0,autorisé MCO (type ≠ 3)
F00.01,F0001,0,autorisé MCO (type ≠ 3)
F00.02,F0002,0,autorisé MCO (type ≠ 3)
F00.03,F0003,0,autorisé MCO (type ≠ 3)
F00.04,F0004,0,autorisé MCO (type ≠ 3)
F00.1,F001,0,autorisé MCO (type ≠ 3)
F00.10,F0010,0,autorisé MCO (type ≠ 3)
F00.11,F0011,0,autorisé MCO (type ≠ 3)
F00.12,F0012,0,autorisé MCO (type ≠ 3)
F00.13,F0013,0,autorisé MCO (type ≠ 3)
F00.14,F0014,0,autorisé MCO (type ≠ 3)
F00.2,F002,0,autorisé MCO (type ≠ 3)
F00.20,F0020,0,autorisé MCO (type ≠ 3)
F00.21,F0021,0,autorisé MCO (type ≠ 3)
F00.22,F0022,0,autorisé MCO (type ≠ 3)
F00.23,F0023,0,autorisé MCO (type ≠ 3)
F00.24,F0024,0,autorisé MCO (type ≠ 3)
F00.9,F009,0,autorisé MCO (type ≠ 3)
F00.90,F0090,0,autorisé MCO (type ≠ 3)
F00.91,F0091,0,autorisé MCO (type ≠ 3)
F00.92,F0092,0,autorisé MCO (type ≠ 3)
F00.93,F0093,0,autorisé MCO (type ≠ 3)
F00.94,F0094,0,autorisé MCO (type ≠ 3)
F01,F01,3,père interdit (type 3)
F01.0,F010,0,autorisé MCO (type ≠ 3)
F01.00,F0100,0,autorisé MCO (type ≠ 3)
F01.01,F0101,0,autorisé MCO (type ≠ 3)
F01.02,F0102,0,autorisé MCO (type ≠ 3)
F01.03,F0103,0,autorisé MCO (type ≠ 3)
F01.04,F0104,0,autorisé MCO (type ≠ 3)
F01.1,F011,0,autorisé MCO (type ≠ 3)
F01.10,F0110,0,autorisé MCO (type ≠ 3)
F01.11,F0111,0,autorisé MCO (type ≠ 3)
F01.12,F0112,0,autorisé MCO (type ≠ 3)
F01.13,F0113,0,autorisé MCO (type ≠ 3)
F01.14,F0114,0,autorisé MCO (type ≠ 3)
F01.2,F012,0,autorisé MCO (type ≠ 3)
F01.20,F0120,0,autorisé MCO (type ≠ 3)
F01.21,F0121,0,autorisé MCO (type ≠ 3)
F01.22,F0122,0,autorisé MCO (type ≠ 3)
F01.23,F0123,0,autorisé MCO (type ≠ 3)
F01.24,F0124,0,autorisé MCO (type ≠ 3)
F01.3,F013,0,autorisé MCO (type ≠ 3)
F01.30,F0130,0,autorisé MCO (type ≠ 3)
F01.31,F0131,0,autorisé MCO (type ≠ 3)
F01.32,F0132,0,autorisé MCO (type ≠ 3)
F01.33,F0133,0,autorisé MCO (type ≠ 3)
F01.34,F0134,0,autorisé MCO (type ≠ 3)
F01.8,F018,0,autorisé MCO (type ≠ 3)
F01.80,F0180,0,autorisé MCO (type ≠ 3)
F01.81,F0181,0,autorisé MCO (type ≠ 3)
F01.82,F0182,0,autorisé MCO (type ≠ 3)
F01.83,F0183,0,autorisé MCO (type ≠ 3)
F01.84,F0184,0,autorisé MCO (type ≠ 3)
F01.9,F019,0,autorisé MCO (type ≠ 3)
F01.90,F0190,0,autorisé MCO (type ≠ 3)
F01.91,F0191,0,autorisé MCO (type ≠ 3)
F01.92,F0192,0,autorisé MCO (type ≠ 3)
F01.93,F0193,0,autorisé MCO (type ≠ 3)
F01.94,F0194,0,autorisé MCO (type ≠ 3)
F02,F02,3,père interdit (type 3)
F02.0,F020,0,autorisé MCO (type ≠ 3)
F02.00,F0200,0,autorisé MCO (type ≠ 3)
F02.01,F0201,0,autorisé MCO (type ≠ 3)
F02.02,F0202,0,autorisé MCO (type ≠ 3)
F02.03,F0203,0,autorisé MCO (type ≠ 3)
F02.04,F0204,0,autorisé MCO (type ≠ 3)
F02.1,F021,0,autorisé MCO (type ≠ 3)
F02.10,F0210,0,autorisé MCO (type ≠ 3)
F02.11,F0211,0,autorisé MCO (type ≠ 3)
F02.12,F0212,0,autorisé MCO (type ≠ 3)
F02.13,F0213,0,autorisé MCO (type ≠ 3)
F02.14,F0214,0,autorisé MCO (type ≠ 3)
F02.2,F022,0,autorisé MCO (type ≠ 3)
F02.20,F0220,0,autorisé MCO (type ≠ 3)
F02.21,F0221,0,autorisé MCO (type ≠ 3)
F02.22,F0222,0,autorisé MCO (type ≠ 3)
F02.23,F0223,0,autorisé MCO (type ≠ 3)
F02.24,F0224,0,autorisé MCO (type ≠ 3)
F02.3,F023,0,autorisé MCO (type ≠ 3)
F02.30,F0230,0,autorisé MCO (type ≠ 3)
F02.31,F0231,0,autorisé MCO (type ≠ 3)
F02.32,F0232,0,autorisé MCO (type ≠ 3)
F02.33,F0233,0,autorisé MCO (type ≠ 3)
F02.34,F0234,0,autorisé MCO (type ≠ 3)
F02.4,F024,0,autorisé MCO (type ≠ 3)
F02.40,F0240,0,autorisé MCO (type ≠ 3)
F02.41,F0241,0,autorisé MCO (type ≠ 3)
F02.42,F0242,0,autorisé MCO (type ≠ 3)
F02.43,F0243,0,autorisé MCO (type ≠ 3)
F02.44,F0244,0,autorisé MCO (type ≠ 3)
F02.8,F028,0,autorisé MCO (type ≠ 3)
F02.80,F0280,0,autorisé MCO (type ≠ 3)
F02.81,F0281,0,autorisé MCO (type ≠ 3)
F02.82,F0282,0,autorisé MCO (type ≠ 3)
F02.83,F0283,0,autorisé MCO (type ≠ 3)
F02.84,F0284,0,autorisé MCO (type ≠ 3)
F03,F03,0,autorisé MCO (type ≠ 3)
F03+0,F03+0,0,autorisé MCO (type ≠ 3)
F03+1,F03+1,0,autorisé MCO (type ≠ 3)
F03+2,F03+2,0,autorisé MCO (type ≠ 3)
F03+3,F03+3,0,autorisé MCO (type ≠ 3)
F03+4,F03+4,0,autorisé MCO (type ≠ 3)
F05,F05,3,père interdit (type 3)
F06,F06,3,père interdit (type 3)
F06.3,F063,0,autorisé MCO (type ≠ 3)
F06.7,F067,0,autorisé MCO (type ≠ 3)
F07,F07,3,père interdit (type 3)
F10,F10,3,père interdit (type 3)
F10.0,F100,0,autorisé MCO (type ≠ 3)
F10.2,F102,0,autorisé MCO (type ≠ 3)
F10.20,F1020,0,autorisé MCO (type ≠ 3)
F10.24,F1024,0,autorisé MCO (type ≠ 3)
F10.3,F103,0,autorisé MCO (type ≠ 3)
F10.4,F104,0,autorisé MCO (type ≠ 3)
F10.5,F105,0,autorisé MCO (type ≠ 3)
F10.7,F107,0,autorisé MCO (type ≠ 3)
F11,F11,3,père interdit (type 3)
F11.0,F110,0,autorisé MCO (type ≠ 3)
F11.2,F112,0,autorisé MCO (type ≠ 3)
F11.20,F1120,0,autorisé MCO (type ≠ 3)
F11.24,F1124,0,autorisé MCO (type ≠ 3)
F11.3,F113,0,autorisé MCO (type ≠ 3)
F11.4,F114,0,autorisé MCO (type ≠ 3)
F11.5,F115,0,autorisé MCO (type ≠ 3)
F11.7,F117,0,autorisé MCO (type ≠ 3)
F12,F12,3,père interdit (type 3)
F12.0,F120,0,autorisé MCO (type ≠ 3)
F12.2,F122,0,autorisé MCO (type ≠ 3)
F12.20,F1220,0,autorisé MCO (type ≠ 3)
F12.24,F1224,0,autorisé MCO (type ≠ 3)
F12.3,F123,0,autorisé MCO (type ≠ 3)
F12.4,F124,0,autorisé MCO (type ≠ 3)
F12.5,F125,0,autorisé MCO (type ≠ 3)
F12.7,F127,0,autorisé MCO (type ≠ 3)
F13,F13,3,père interdit (type 3)
F13.0,F130,0,autorisé MCO (type ≠ 3)
F13.2,F132,0,autorisé MCO (type ≠ 3)
F13.20,F1320,0,autorisé MCO (type ≠ 3)
F13.24,F1324,0,autorisé MCO (type ≠ 3)
F13.3,F133,0,autorisé MCO (type ≠ 3)
F13.4,F134,0,autorisé MCO (type ≠ 3)
F13.5,F135,0,autorisé MCO (type ≠ 3)
F13.7,F137,0,autorisé MCO (type ≠ 3)
F14,F14,3,père interdit (type 3)
F14.0,F140,0,autorisé MCO (type ≠ 3)
F14.2,F142,0,autorisé MCO (type ≠ 3)
F14.20,F1420,0,autorisé MCO (type ≠ 3)
F14.24,F1424,0,autorisé MCO (type ≠ 3)
F14.3,F143,0,autorisé MCO (type ≠ 3)
F14.4,F144,0,autorisé MCO (type ≠ 3)
F14.5,F145,0,autorisé MCO (type ≠ 3)
F14.7,F147,0,autorisé MCO (type ≠ 3)
F15,F15,3,père interdit (type 3)
F15.0,F150,0,autorisé MCO (type ≠ 3)
F15.2,F152,0,autorisé MCO (type ≠ 3)
F15.20,F1520,0,autorisé MCO (type ≠ 3)
F15.24,F1524,0,autorisé MCO (type ≠ 3)
F15.3,F153,0,autorisé MCO (type ≠ 3)
F15.4,F154,0,autorisé MCO (type ≠ 3)
F15.5,F155,0,autorisé MCO (type ≠ 3)
F15.7,F157,0,autorisé MCO (type ≠ 3)
F16,F16,3,père interdit (type 3)
F16.0,F160,0,autorisé MCO (type ≠ 3)
F16.2,F162,0,autorisé MCO (type ≠ 3)
F16.20,F1620,0,autorisé MCO (type ≠ 3)
F16.24,F1624,0,autorisé MCO (type ≠ 3)
F16.3,F163,0,autorisé MCO (type ≠ 3)
F16.4,F164,0,autorisé MCO (type ≠ 3)
F16.5,F165,0,autorisé MCO (type ≠ 3)
F16.7,F167,0,autorisé MCO (type ≠ 3)
F17,F17,3,père interdit (type 3)
F17.0,F170,0,autorisé MCO (type ≠ 3)
F17.2,F172,0,autorisé MCO (type ≠ 3)
F17.20,F1720,0,autorisé MCO (type ≠ 3)
F17.24,F1724,0,autorisé MCO (type ≠ 3)
F17.3,F173,0,autorisé MCO (type ≠ 3)
F17.4,F174,0,autorisé MCO (type ≠ 3)
F17.5,F175,0,autorisé MCO (type ≠ 3)
F17.7,F177,0,autorisé MCO (type ≠ 3)
F18,F18,3,père interdit (type 3)
F18.0,F180,0,autorisé MCO (type ≠ 3)
F18.2,F182,0,autorisé MCO (type ≠ 3)
F18.20,F1820,0,autorisé MCO (type ≠ 3)
F18.24,F1824,0,autorisé MCO (type ≠ 3)
F18.3,F183,0,autorisé MCO (type ≠ 3)
F18.4,F184,0,autorisé MCO (type ≠ 3)
F18.5,F185,0,autorisé MCO (type ≠ 3)
F18.7,F187,0,autorisé MCO (type ≠ 3)
F19,F19,3,père interdit (type 3)
F19.0,F190,0,autorisé MCO (type ≠ 3)
F19.2,F192,0,autorisé MCO (type ≠ 3)
F19.20,F1920,0,autorisé MCO (type ≠ 3)
F19.24,F1924,0,autorisé MCO (type ≠ 3)
F19.3,F193,0,autorisé MCO (type ≠ 3)
F19.4,F194,0,autorisé MCO (type ≠ 3)
F19.5,F195,0,autorisé MCO (type ≠ 3)
F19.7,F197,0,autorisé MCO (type ≠ 3)
F20,F20,3,père interdit (type 3)
F20.0,F200,0,autorisé MCO (type ≠ 3)
F20.1,F201,0,autorisé MCO (type ≠ 3)
F20.2,F202,0,autorisé MCO (type ≠ 3)
F20.3,F203,0,autorisé MCO (type ≠ 3)
F20.4,F204,0,autorisé MCO (type ≠ 3)
F20.5,F205,0,autorisé MCO (type ≠ 3)
F20.6,F206,0,autorisé MCO (type ≠ 3)
F20.8,F208,0,autorisé MCO (type ≠ 3)
F20.9,F209,0,autorisé MCO (type ≠ 3)
F22,F22,3,père interdit (type 3)
F23,F23,3,père interdit (type 3)
F23.0,F230,0,autorisé MCO (type ≠ 3)
F23.1,F231,0,autorisé MCO (type ≠ 3)
F23.2,F232,0,autorisé MCO (type ≠ 3)
F23.3,F233,0,autorisé MCO (type ≠ 3)
F23.8,F238,0,autorisé MCO (type ≠ 3)
F23.9,F239,0,autorisé MCO (type ≠ 3)
F25,F25,3,père interdit (type 3)
F25.0,F250,0,autorisé MCO (type ≠ 3)
F25.1,F251,0,autorisé MCO (type ≠ 3)
F25.2,F252,0,autorisé MCO (type ≠ 3)
F25.8,F258,0,autorisé MCO (type ≠ 3)
F25.9,F259,0,autorisé MCO (type ≠ 3)
F30,F30,3,père interdit (type 3)
F30.2,F302,0,autorisé MCO (type ≠ 3)
F31,F31,3,père interdit (type 3)
F31.2,F312,0,autorisé MCO (type ≠ 3)
F31.3,F313,0,autorisé MCO (type ≠ 3)
F31.5,F315,0,autorisé MCO (type ≠ 3)
F32,F32,3,père interdit (type 3)
F32.0,F320,0,autorisé MCO (type ≠ 3)
F32.1,F321,0,autorisé MCO (type ≠ 3)
F32.3,F323,0,autorisé MCO (type ≠ 3)
F33,F33,3,père interdit (type 3)
F33.0,F330,0,autorisé MCO (type ≠ 3)
F33.1,F331,0,autorisé MCO (type ≠ 3)
F33.3,F333,0,autorisé MCO (type ≠ 3)
F34,F34,3,père interdit (type 3)
F38,F38,3,père interdit (type 3)
F38.0,F380,0,autorisé MCO (type ≠ 3)
F38.1,F381,0,autorisé MCO (type ≠ 3)
F40,F40,3,père interdit (type 3)
F40.0,F400,0,autorisé MCO (type ≠ 3)
F41,F41,3,père interdit (type 3)
F41.0,F410,0,autorisé MCO (type ≠ 3)
F42,F42,3,père interdit (type 3)
F43,F43,3,père interdit (type 3)
F43.0,F430,0,autorisé MCO (type ≠ 3)
F43.2,F432,0,autorisé MCO (type ≠ 3)
F44,F44,3,père interdit (type 3)
F44.8,F448,0,autorisé MCO (type ≠ 3)
F45,F45,3,père interdit (type 3)
F45.3,F453,0,autorisé MCO (type ≠ 3)
F48,F48,3,père interdit (type 3)
F50,F50,3,père interdit (type 3)
F51,F51,3,père interdit (type 3)
F52,F52,3,père interdit (type 3)
F52.1,F521,0,autorisé MCO (type ≠ 3)
F53,F53,3,père interdit (type 3)
F55,F55,0,autorisé MCO (type ≠ 3)
F60,F60,3,père interdit (type 3)
F60.3,F603,0,autorisé MCO (type ≠ 3)
F61,F61,0,autorisé MCO (type ≠ 3)
F62,F62,3,père interdit (type 3)
F63,F63,3,père interdit (type 3)
F64,F64,3,père interdit (type 3)
F65,F65,3,père interdit (type 3)
F66,F66,3,père interdit (type 3)
F68,F68,3,père interdit (type 3)
F70,F70,3,père interdit (type 3)
F71,F71,3,père interdit (type 3)
F72,F72,3,père interdit (type 3)
F73,F73,3,père interdit (type 3)
F78,F78,3,père interdit (type 3)
F79,F79,3,père interdit (type 3)
F80,F80,3,père interdit (type 3)
F81,F81,3,père interdit (type 3)
F84,F84,3,père interdit (type 3)
F84.1,F841,0,autorisé MCO (type ≠ 3)
F90,F90,3,père interdit (type 3)
F91,F91,3,père interdit (type 3)
F92,F92,3,père interdit (type 3)
F93,F93,3,père interdit (type 3)
F93.8,F938,0,autorisé MCO (type ≠ 3)
F94,F94,3,père interdit (type 3)
F95,F95,3,père interdit (type 3)
F98,F98,3,père interdit (type 3)
F98.0,F980,0,autorisé MCO (type ≠ 3)
F98.1,F981,0,autorisé MCO (type ≠ 3)
F98.4,F984,0,autorisé MCO (type ≠ 3)
G00,G00,3,père interdit (type 3)
G02,G02,3,père interdit (type 3)
G03,G03,3,père interdit (type 3)
G04,G04,3,père interdit (type 3)
G05,G05,3,père interdit (type 3)
G06,G06,3,père interdit (type 3)
G11,G11,3,père interdit (type 3)
G12,G12,3,père interdit (type 3)
G13,G13,3,père interdit (type 3)
G21,G21,3,père interdit (type 3)
G23,G23,3,père interdit (type 3)
G24,G24,3,père interdit (type 3)
G25,G25,3,père interdit (type 3)
G30,G30,3,père interdit (type 3)
G31,G31,3,père interdit (type 3)
G32,G32,3,père interdit (type 3)
G36,G36,3,père interdit (type 3)
G37,G37,3,père interdit (type 3)
G40,G40,3,père interdit (type 3)
G41,G41,3,père interdit (type 3)
G43,G43,3,père interdit (type 3)
G44,G44,3,père interdit (type 3)
G45,G45,3,père interdit (type 3)
G46,G46,3,père interdit (type 3)
G47,G47,3,père interdit (type 3)
G50,G50,3,père interdit (type 3)
G51,G51,3,père interdit (type 3)
G52,G52,3,père interdit (type 3)
G53,G53,3,père interdit (type 3)
G54,G54,3,père interdit (type 3)
G55,G55,3,père interdit (type 3)
G56,G56,3,père interdit (type 3)
G57,G57,3,père interdit (type 3)
G58,G58,3,père interdit (type 3)
G59,G59,3,père interdit (type 3)
G60,G60,3,père interdit (type 3)
G61,G61,3,père interdit (type 3)
G62,G62,3,père interdit (type 3)
G63,G63,3,père interdit (type 3)
G70,G70,3,père interdit (type 3)
G71,G71,3,père interdit (type 3)
G72,G72,3,père interdit (type 3)
G73,G73,3,père interdit (type 3)
G80,G80,3,père interdit (type 3)
G81,G81,3,père interdit (type 3)
G81.0,G810,3,père interdit (type 3)
G82,G82,3,père interdit (type 3)
G82.0,G820,0,autorisé MCO (type ≠ 3)
G82.1,G821,0,autorisé MCO (type ≠ 3)
G82.2,G822,0,autorisé MCO (type ≠ 3)
G82.3,G823,0,autorisé MCO (type ≠ 3)
G82.4,G824,0,autorisé MCO (type ≠ 3)
G82.5,G825,0,autorisé MCO (type ≠ 3)
G83,G83,3,père interdit (type 3)
G90,G90,3,père interdit (type 3)
G91,G91,3,père interdit (type 3)
G93,G93,3,père interdit (type 3)
G94,G94,3,père interdit (type 3)
G95,G95,3,père interdit (type 3)
G96,G96,3,père interdit (type 3)
G97,G97,3,père interdit (type 3)
G97.8,G978,3,père interdit (type 3)
G99,G99,3,père interdit (type 3)
H00,H00,3,père interdit (type 3)
H01,H01,3,père interdit (type 3)
H02,H02,3,père interdit (type 3)
H03,H03,3,père interdit (type 3)
H04,H04,3,père interdit (type 3)
H05,H05,3,père interdit (type 3)
H06,H06,3,père interdit (type 3)
H10,H10,3,père interdit (type 3)
H11,H11,3,père interdit (type 3)
H13,H13,3,père interdit (type 3)
H15,H15,3,père interdit (type 3)
H16,H16,3,père interdit (type 3)
H17,H17,3,père interdit (type 3)
H18,H18,3,père interdit (type 3)
H19,H19,3,père interdit (type 3)
H20,H20,3,père interdit (type 3)
H21,H21,3,père interdit (type 3)
H22,H22,3,père interdit (type 3)
H25,H25,3,père interdit (type 3)
H26,H26,3,père interdit (type 3)
H27,H27,3,père interdit (type 3)
H28,H28,3,père interdit (type 3)
H30,H30,3,père interdit (type 3)
H31,H31,3,père interdit (type 3)
H32,H32,3,père interdit (type 3)
H32.0,H320,3,père interdit (type 3)
H33,H33,3,père interdit (type 3)
H34,H34,3,père interdit (type 3)
H35,H35,3,père interdit (type 3)
H36,H36,3,père interdit (type 3)
H40,H40,3,père interdit (type 3)
H42,H42,3,père interdit (type 3)
H43,H43,3,père interdit (type 3)
H44,H44,3,père interdit (type 3)
H45,H45,3,père interdit (type 3)
H47,H47,3,père interdit (type 3)
H48,H48,3,père interdit (type 3)
H49,H49,3,père interdit (type 3)
H50,H50,3,père interdit (type 3)
H51,H51,3,père interdit (type 3)
H52,H52,3,père interdit (type 3)
H53,H53,3,père interdit (type 3)
H54,H54,3,père interdit (type 3)
H57,H57,3,père interdit (type 3)
H58,H58,3,père interdit (type 3)
H59,H59,3,père interdit (type 3)
H60,H60,3,père interdit (type 3)
H61,H61,3,père interdit (type 3)
H62,H62,3,père interdit (type 3)
H65,H65,3,père interdit (type 3)
H66,H66,3,père interdit (type 3)
H67,H67,3,père interdit (type 3)
H68,H68,3,père interdit (type 3)
H69,H69,3,père interdit (type 3)
H70,H70,3,père interdit (type 3)
H72,H72,3,père interdit (type 3)
H73,H73,3,père interdit (type 3)
H74,H74,3,père interdit (type 3)
H75,H75,3,père interdit (type 3)
H80,H80,3,père interdit (type 3)
H81,H81,3,père interdit (type 3)
H83,H83,3,père interdit (type 3)
H90,H90,3,père interdit (type 3)
H91,H91,3,père interdit (type 3)
H92,H92,3,père interdit (type 3)
H93,H93,3,père interdit (type 3)
H94,H94,3,père interdit (type 3)
H95,H95,3,père interdit (type 3)
J01,J01,3,père interdit (type 3)
J02,J02,3,père interdit (type 3)
J03,J03,3,père interdit (type 3)
J04,J04,3,père interdit (type 3)
J05,J05,3,père interdit (type 3)
J06,J06,3,père interdit (type 3)
J10,J10,3,père interdit (type 3)
J11,J11,3,père interdit (type 3)
J12,J12,3,père interdit (type 3)
J15,J15,3,père interdit (type 3)
J16,J16,3,père interdit (type 3)
J17,J17,3,père interdit (type 3)
J18,J18,3,père interdit (type 3)
J20,J20,3,père interdit (type 3)
J21,J21,3,père interdit (type 3)
J30,J30,3,père interdit (type 3)
J31,J31,3,père interdit (type 3)
J32,J32,3,père interdit (type 3)
J33,J33,3,père interdit (type 3)
J34,J34,3,père interdit (type 3)
J35,J35,3,père interdit (type 3)
J37,J37,3,père interdit (type 3)
J38,J38,3,père interdit (type 3)
J39,J39,3,père interdit (type 3)
J41,J41,3,père interdit (type 3)
J43,J43,3,père interdit (type 3)
J44,J44,3,père interdit (type 3)
J45,J45,3,père interdit (type 3)
J62,J62,3,père interdit (type 3)
J63,J63,3,père interdit (type 3)
J66,J66,3,père interdit (type 3)
J67,J67,3,père interdit (type 3)
J68,J68,3,père interdit (type 3)
J69,J69,3,père interdit (type 3)
J70,J70,3,père interdit (type 3)
J84,J84,3,père interdit (type 3)
J85,J85,3,père interdit (type 3)
J86,J86,3,père interdit (type 3)
J92,J92,3,père interdit (type 3)
J93,J93,3,père interdit (type 3)
J94,J94,3,père interdit (type 3)
J95,J95,3,père interdit (type 3)
J96,J96,3,père interdit (type 3)
J96.0,J960,0,autorisé MCO (type ≠ 3)
J96.1,J961,0,autorisé MCO (type ≠ 3)
J96.9,J969,0,autorisé MCO (type ≠ 3)
J98,J98,3,père interdit (type 3)
J98.6,J986,3,père interdit (type 3)
J99,J99,3,père interdit (type 3)
K00,K00,3,père interdit (type 3)
K01,K01,3,père interdit (type 3)
K02,K02,3,père interdit (type 3)
K03,K03,3,père interdit (type 3)
K04,K04,3,père interdit (type 3)
K05,K05,3,père interdit (type 3)
K06,K06,3,père interdit (type 3)
K07,K07,3,père interdit (type 3)
K08,K08,3,père interdit (type 3)
K09,K09,3,père interdit (type 3)
K10,K10,3,père interdit (type 3)
K11,K11,3,père interdit (type 3)
K12,K12,3,père interdit (type 3)
K13,K13,3,père interdit (type 3)
K14,K14,3,père interdit (type 3)
K21,K21,3,père interdit (type 3)
K22,K22,3,père interdit (type 3)
K23,K23,3,père interdit (type 3)
K23.8,K238,3,père interdit (type 3)
K25,K25,3,père interdit (type 3)
K26,K26,3,père interdit (type 3)
K27,K27,3,père interdit (type 3)
K28,K28,3,père interdit (type 3)
K29,K29,3,père interdit (type 3)
K31,K31,3,père interdit (type 3)
K35,K35,3,père interdit (type 3)
K38,K38,3,père interdit (type 3)
K40,K40,3,père interdit (type 3)
K41,K41,3,père interdit (type 3)
K42,K42,3,père interdit (type 3)
K43,K43,3,père interdit (type 3)
K44,K44,3,père interdit (type 3)
K45,K45,3,père interdit (type 3)
K46,K46,3,père interdit (type 3)
K50,K50,3,père interdit (type 3)
K51,K51,3,père interdit (type 3)
K52,K52,3,père interdit (type 3)
K55,K55,3,père interdit (type 3)
K56,K56,3,père interdit (type 3)
K57,K57,3,père interdit (type 3)
K58,K58,3,père interdit (type 3)
K59,K59,3,père interdit (type 3)
K60,K60,3,père interdit (type 3)
K61,K61,3,père interdit (type 3)
K62,K62,3,père interdit (type 3)
K63,K63,3,père interdit (type 3)
K63.5,K635,0,autorisé MCO (type ≠ 3)
K64,K64,3,père interdit (type 3)
K65,K65,3,père interdit (type 3)
K66,K66,3,père interdit (type 3)
K67,K67,3,père interdit (type 3)
K70,K70,3,père interdit (type 3)
K71,K71,3,père interdit (type 3)
K72,K72,3,père interdit (type 3)
K73,K73,3,père interdit (type 3)
K74,K74,3,père interdit (type 3)
K75,K75,3,père interdit (type 3)
K76,K76,3,père interdit (type 3)
K77,K77,3,père interdit (type 3)
K80,K80,3,père interdit (type 3)
K81,K81,3,père interdit (type 3)
K82,K82,3,père interdit (type 3)
K83,K83,3,père interdit (type 3)
K85,K85,3,père interdit (type 3)
K86,K86,3,père interdit (type 3)
K86.1,K861,0,autorisé MCO (type ≠ 3)
K87,K87,3,père interdit (type 3)
K87.0,K870,3,père interdit (type 3)
K90,K90,3,père interdit (type 3)
K91,K91,3,père interdit (type 3)
K92,K92,3,père interdit (type 3)
K93,K93,3,père interdit (type 3)
K93.8,K938,3,père interdit (type 3)
K93.82,K9382,3,père interdit (type 3)
K93.83,K9383,3,père interdit (type 3)
K93.84,K9384,3,père interdit (type 3)
L01,L01,3,père interdit (type 3)
L02,L02,3,père interdit (type 3)
L03,L03,3,père interdit (type 3)
L04,L04,3,père interdit (type 3)
L05,L05,3,père interdit (type 3)
L08,L08,3,père interdit (type 3)
L10,L10,3,père interdit (type 3)
L11,L11,3,père interdit (type 3)
L12,L12,3,père interdit (type 3)
L13,L13,3,père interdit (type 3)
L20,L20,3,père interdit (type 3)
L21,L21,3,père interdit (type 3)
L23,L23,3,père interdit (type 3)
L24,L24,3,père interdit (type 3)
L25,L25,3,père interdit (type 3)
L27,L27,3,père interdit (type 3)
L28,L28,3,père interdit (type 3)
L29,L29,3,père interdit (type 3)
L30,L30,3,père interdit (type 3)
L40,L40,3,père interdit (type 3)
L41,L41,3,père interdit (type 3)
L43,L43,3,père interdit (type 3)
L44,L44,3,père interdit (type 3)
L50,L50,3,père interdit (type 3)
L51,L51,3,père interdit (type 3)
L51.2,L512,3,père interdit (type 3)
L53,L53,3,père interdit (type 3)
L54,L54,3,père interdit (type 3)
L55,L55,3,père interdit (type 3)
L56,L56,3,père interdit (type 3)
L57,L57,3,père interdit (type 3)
L58,L58,3,père interdit (type 3)
L59,L59,3,père interdit (type 3)
L60,L60,3,père interdit (type 3)
L62,L62,3,père interdit (type 3)
L63,L63,3,père interdit (type 3)
L64,L64,3,père interdit (type 3)
L65,L65,3,père interdit (type 3)
L66,L66,3,père interdit (type 3)
L67,L67,3,père interdit (type 3)
L68,L68,3,père interdit (type 3)
L70,L70,3,père interdit (type 3)
L71,L71,3,père interdit (type 3)
L72,L72,3,père interdit (type 3)
L73,L73,3,père interdit (type 3)
L74,L74,3,père interdit (type 3)
L75,L75,3,père interdit (type 3)
L81,L81,3,père interdit (type 3)
L85,L85,3,père interdit (type 3)
L87,L87,3,père interdit (type 3)
L89,L89,3,père interdit (type 3)
L90,L90,3,père interdit (type 3)
L91,L91,3,père interdit (type 3)
L92,L92,3,père interdit (type 3)
L93,L93,3,père interdit (type 3)
L94,L94,3,père interdit (type 3)
L95,L95,3,père interdit (type 3)
L98,L98,3,père interdit (type 3)
L99,L99,3,père interdit (type 3)
M00,M00,3,père interdit (type 3)
M00.0,M000,0,autorisé MCO (type ≠ 3)
M00.1,M001,0,autorisé MCO (type ≠ 3)
M00.2,M002,0,autorisé MCO (type ≠ 3)
M00.8,M008,0,autorisé MCO (type ≠ 3)
M00.9,M009,0,autorisé MCO (type ≠ 3)
M01,M01,3,père interdit (type 3)
M01.0,M010,0,autorisé MCO (type ≠ 3)
M01.1,M011,0,autorisé MCO (type ≠ 3)
M01.2,M012,0,autorisé MCO (type ≠ 3)
M01.3,M013,0,autorisé MCO (type ≠ 3)
M01.4,M014,0,autorisé MCO (type ≠ 3)
M01.5,M015,0,autorisé MCO (type ≠ 3)
M01.6,M016,0,autorisé MCO (type ≠ 3)
M01.8,M018,0,autorisé MCO (type ≠ 3)
M02,M02,3,père interdit (type 3)
M02.0,M020,0,autorisé MCO (type ≠ 3)
M02.1,M021,0,autorisé MCO (type ≠ 3)
M02.2,M022,0,autorisé MCO (type ≠ 3)
M02.3,M023,0,autorisé MCO (type ≠ 3)
M02.8,M028,0,autorisé MCO (type ≠ 3)
M02.9,M029,0,autorisé MCO (type ≠ 3)
M03,M03,3,père interdit (type 3)
M03.0,M030,0,autorisé MCO (type ≠ 3)
M03.1,M031,0,autorisé MCO (type ≠ 3)
M03.2,M032,0,autorisé MCO (type ≠ 3)
M03.6,M036,0,autorisé MCO (type ≠ 3)
M05,M05,3,père interdit (type 3)
M05.0,M050,0,autorisé MCO (type ≠ 3)
M05.1,M051,0,autorisé MCO (type ≠ 3)
M05.2,M052,0,autorisé MCO (type ≠ 3)
M05.3,M053,0,autorisé MCO (type ≠ 3)
M05.8,M058,0,autorisé MCO (type ≠ 3)
M05.9,M059,0,autorisé MCO (type ≠ 3)
M06,M06,3,père interdit (type 3)
M06.0,M060,0,autorisé MCO (type ≠ 3)
M06.1,M061,0,autorisé MCO (type ≠ 3)
M06.2,M062,0,autorisé MCO (type ≠ 3)
M06.3,M063,0,autorisé MCO (type ≠ 3)
M06.4,M064,0,autorisé MCO (type ≠ 3)
M06.8,M068,0,autorisé MCO (type ≠ 3)
M06.9,M069,0,autorisé MCO (type ≠ 3)
M07,M07,3,père interdit (type 3)
M07.0,M070,0,autorisé MCO (type ≠ 3)
M07.1,M071,0,autorisé MCO (type ≠ 3)
M07.2,M072,0,autorisé MCO (type ≠ 3)
M07.3,M073,0,autorisé MCO (type ≠ 3)
M07.4,M074,0,autorisé MCO (type ≠ 3)
M07.5,M075,0,autorisé MCO (type ≠ 3)
M07.6,M076,0,autorisé MCO (type ≠ 3)
M08,M08,3,père interdit (type 3)
M08.0,M080,0,autorisé MCO (type ≠ 3)
M08.1,M081,0,autorisé MCO (type ≠ 3)
M08.2,M082,0,autorisé MCO (type ≠ 3)
M08.3,M083,0,autorisé MCO (type ≠ 3)
M08.4,M084,0,autorisé MCO (type ≠ 3)
M08.8,M088,0,autorisé MCO (type ≠ 3)
M08.9,M089,0,autorisé MCO (type ≠ 3)
M09,M09,3,père interdit (type 3)
M09.0,M090,0,autorisé MCO (type ≠ 3)
M09.1,M091,0,autorisé MCO (type ≠ 3)
M09.2,M092,0,autorisé MCO (type ≠ 3)
M09.8,M098,0,autorisé MCO (type ≠ 3)
M10,M10,3,père interdit (type 3)
M10.0,M100,0,autorisé MCO (type ≠ 3)
M10.1,M101,0,autorisé MCO (type ≠ 3)
M10.2,M102,0,autorisé MCO (type ≠ 3)
M10.3,M103,0,autorisé MCO (type ≠ 3)
M10.4,M104,0,autorisé MCO (type ≠ 3)
M10.9,M109,0,autorisé MCO (type ≠ 3)
M11,M11,3,père interdit (type 3)
M11.0,M110,0,autorisé MCO (type ≠ 3)
M11.1,M111,0,autorisé MCO (type ≠ 3)
M11.2,M112,0,autorisé MCO (type ≠ 3)
M11.8,M118,0,autorisé MCO (type ≠ 3)
M12,M12,3,père interdit (type 3)
M12.0,M120,0,autorisé MCO (type ≠ 3)
M12.1,M121,0,autorisé MCO (type ≠ 3)
M12.2,M122,0,autorisé MCO (type ≠ 3)
M12.3,M123,0,autorisé MCO (type ≠ 3)
M12.4,M124,0,autorisé MCO (type ≠ 3)
M12.5,M125,0,autorisé MCO (type ≠ 3)
M12.8,M128,0,autorisé MCO (type ≠ 3)
M13,M13,3,père interdit (type 3)
M13.1,M131,0,autorisé MCO (type ≠ 3)
M13.8,M138,0,autorisé MCO (type ≠ 3)
M14,M14,3,père interdit (type 3)
M14.0,M140,0,autorisé MCO (type ≠ 3)
M14.1,M141,0,autorisé MCO (type ≠ 3)
M14.2,M142,0,autorisé MCO (type ≠ 3)
M14.3,M143,0,autorisé MCO (type ≠ 3)
M14.4,M144,0,autorisé MCO (type ≠ 3)
M14.5,M145,0,autorisé MCO (type ≠ 3)
M14.6,M146,0,autorisé MCO (type ≠ 3)
M14.8,M148,0,autorisé MCO (type ≠ 3)
M15,M15,3,père interdit (type 3)
M15.0,M150,0,autorisé MCO (type ≠ 3)
M15.1,M151,0,autorisé MCO (type ≠ 3)
M15.2,M152,0,autorisé MCO (type ≠ 3)
M15.3,M153,0,autorisé MCO (type ≠ 3)
M15.4,M154,0,autorisé MCO (type ≠ 3)
M15.8,M158,0,autorisé MCO (type ≠ 3)
M15.9,M159,0,autorisé MCO (type ≠ 3)
M16,M16,3,père interdit (type 3)
M16.0,M160,0,autorisé MCO (type ≠ 3)
M16.1,M161,0,autorisé MCO (type ≠ 3)
M16.2,M162,0,autorisé MCO (type ≠ 3)
M16.3,M163,0,autorisé MCO (type ≠ 3)
M16.4,M164,0,autorisé MCO (type ≠ 3)
M16.5,M165,0,autorisé MCO (type ≠ 3)
M16.6,M166,0,autorisé MCO (type ≠ 3)
M16.7,M167,0,autorisé MCO (type ≠ 3)
M16.9,M169,0,autorisé MCO (type ≠ 3)
M17,M17,3,père interdit (type 3)
M17.0,M170,0,autorisé MCO (type ≠ 3)
M17.1,M171,0,autorisé MCO (type ≠ 3)
M17.2,M172,0,autorisé MCO (type ≠ 3)
M17.3,M173,0,autorisé MCO (type ≠ 3)
M17.4,M174,0,autorisé MCO (type ≠ 3)
M17.5,M175,0,autorisé MCO (type ≠ 3)
M17.9,M179,0,autorisé MCO (type ≠ 3)
M18,M18,3,père interdit (type 3)
M18.0,M180,0,autorisé MCO (type ≠ 3)
M18.1,M181,0,autorisé MCO (type ≠ 3)
M18.2,M182,0,autorisé MCO (type ≠ 3)
M18.3,M183,0,autorisé MCO (type ≠ 3)
M18.4,M184,0,autorisé MCO (type ≠ 3)
M18.5,M185,0,autorisé MCO (type ≠ 3)
M18.9,M189,0,autorisé MCO (type ≠ 3)
M19,M19,3,père interdit (type 3)
M19.0,M190,0,autorisé MCO (type ≠ 3)
M19.1,M191,0,autorisé MCO (type ≠ 3)
M19.2,M192,0,autorisé MCO (type ≠ 3)
M19.8,M198,0,autorisé MCO (type ≠ 3)
M19.9,M199,0,autorisé MCO (type ≠ 3)
M20,M20,3,père interdit (type 3)
M20.0,M200,0,autorisé MCO (type ≠ 3)
M20.1,M201,0,autorisé MCO (type ≠ 3)
M20.2,M202,0,autorisé MCO (type ≠ 3)
M20.3,M203,0,autorisé MCO (type ≠ 3)
M20.4,M204,0,autorisé MCO (type ≠ 3)
M20.5,M205,0,autorisé MCO (type ≠ 3)
M20.6,M206,0,autorisé MCO (type ≠ 3)
M21,M21,3,père interdit (type 3)
M21.0,M210,0,autorisé MCO (type ≠ 3)
M21.1,M211,0,autorisé MCO (type ≠ 3)
M21.2,M212,0,autorisé MCO (type ≠ 3)
M21.3,M213,0,autorisé MCO (type ≠ 3)
M21.4,M214,0,autorisé MCO (type ≠ 3)
M21.5,M215,0,autorisé MCO (type ≠ 3)
M21.6,M216,0,autorisé MCO (type ≠ 3)
M21.7,M217,0,autorisé MCO (type ≠ 3)
M21.8,M218,0,autorisé MCO (type ≠ 3)
M21.9,M219,0,autorisé MCO (type ≠ 3)
M22,M22,3,père interdit (type 3)
M22.0,M220,0,autorisé MCO (type ≠ 3)
M22.1,M221,0,autorisé MCO (type ≠ 3)
M22.2,M222,0,autorisé MCO (type ≠ 3)
M22.3,M223,0,autorisé MCO (type ≠ 3)
M22.4,M224,0,autorisé MCO (type ≠ 3)
M22.8,M228,0,autorisé MCO (type ≠ 3)
M22.9,M229,0,autorisé MCO (type ≠ 3)
M23,M23,3,père interdit (type 3)
M23.0,M230,0,autorisé MCO (type ≠ 3)
M23.1,M231,0,autorisé MCO (type ≠ 3)
M23.2,M232,0,autorisé MCO (type ≠ 3)
M23.3,M233,0,autorisé MCO (type ≠ 3)
M23.4,M234,0,autorisé MCO (type ≠ 3)
M23.5,M235,0,autorisé MCO (type ≠ 3)
M23.6,M236,0,autorisé MCO (type ≠ 3)
M23.8,M238,0,autorisé MCO (type ≠ 3)
M23.9,M239,0,autorisé MCO (type ≠ 3)
M24,M24,3,père interdit (type 3)
M24.0,M240,0,autorisé MCO (type ≠ 3)
M24.1,M241,0,autorisé MCO (type ≠ 3)
M24.2,M242,0,autorisé MCO (type ≠ 3)
M24.3,M243,0,autorisé MCO (type ≠ 3)
M24.4,M244,0,autorisé MCO (type ≠ 3)
M24.5,M245,0,autorisé MCO (type ≠ 3)
M24.6,M246,0,autorisé MCO (type ≠ 3)
M24.7,M247,0,autorisé MCO (type ≠ 3)
M24.8,M248,0,autorisé MCO (type ≠ 3)
M24.9,M249,1,autorisé MCO (type ≠ 3)
M25,M25,3,père interdit (type 3)
M25.0,M250,0,autorisé MCO (type ≠ 3)
M25.1,M251,0,autorisé MCO (type ≠ 3)
M25.2,M252,0,autorisé MCO (type ≠ 3)
M25.3,M253,0,autorisé MCO (type ≠ 3)
M25.4,M254,0,autorisé MCO (type ≠ 3)
M25.5,M255,0,autorisé MCO (type ≠ 3)
M25.6,M256,0,autorisé MCO (type ≠ 3)
M25.7,M257,0,autorisé MCO (type ≠ 3)
M25.8,M258,0,autorisé MCO (type ≠ 3)
M25.9,M259,1,autorisé MCO (type ≠ 3)
M30,M30,3,père interdit (type 3)
M31,M31,3,père interdit (type 3)
M32,M32,3,père interdit (type 3)
M33,M33,3,père interdit (type 3)
M34,M34,3,père interdit (type 3)
M35,M35,3,père interdit (type 3)
M36,M36,3,père interdit (type 3)
M40,M40,3,père interdit (type 3)
M40.0,M400,0,autorisé MCO (type ≠ 3)
M40.1,M401,0,autorisé MCO (type ≠ 3)
M40.2,M402,0,autorisé MCO (type ≠ 3)
M40.3,M403,0,autorisé MCO (type ≠ 3)
M40.4,M404,0,autorisé MCO (type ≠ 3)
M40.5,M405,0,autorisé MCO (type ≠ 3)
M41,M41,3,père interdit (type 3)
M41.0,M410,0,autorisé MCO (type ≠ 3)
M41.1,M411,0,autorisé MCO (type ≠ 3)
M41.2,M412,0,autorisé MCO (type ≠ 3)
M41.3,M413,0,autorisé MCO (type ≠ 3)
M41.4,M414,0,autorisé MCO (type ≠ 3)
M41.5,M415,0,autorisé MCO (type ≠ 3)
M41.8,M418,0,autorisé MCO (type ≠ 3)
M41.9,M419,0,autorisé MCO (type ≠ 3)
M42,M42,3,père interdit (type 3)
M42.0,M420,0,autorisé MCO (type ≠ 3)
M42.1,M421,0,autorisé MCO (type ≠ 3)
M42.9,M429,0,autorisé MCO (type ≠ 3)
M43,M43,3,père interdit (type 3)
M43.0,M430,0,autorisé MCO (type ≠ 3)
M43.1,M431,0,autorisé MCO (type ≠ 3)
M43.2,M432,0,autorisé MCO (type ≠ 3)
M43.3,M433,0,autorisé MCO (type ≠ 3)
M43.4,M434,0,autorisé MCO (type ≠ 3)
M43.5,M435,0,autorisé MCO (type ≠ 3)
M43.6,M436,0,autorisé MCO (type ≠ 3)
M43.8,M438,0,autorisé MCO (type ≠ 3)
M43.9,M439,0,autorisé MCO (type ≠ 3)
M46,M46,3,père interdit (type 3)
M46.0,M460,0,autorisé MCO (type ≠ 3)
M46.1,M461,0,autorisé MCO (type ≠ 3)
M46.2,M462,0,autorisé MCO (type ≠ 3)
M46.3,M463,0,autorisé MCO (type ≠ 3)
M46.4,M464,0,autorisé MCO (type ≠ 3)
M46.5,M465,0,autorisé MCO (type ≠ 3)
M46.8,M468,0,autorisé MCO (type ≠ 3)
M46.9,M469,0,autorisé MCO (type ≠ 3)
M47,M47,3,père interdit (type 3)
M47.0,M470,0,autorisé MCO (type ≠ 3)
M47.1,M471,0,autorisé MCO (type ≠ 3)
M47.2,M472,0,autorisé MCO (type ≠ 3)
M47.8,M478,0,autorisé MCO (type ≠ 3)
M47.9,M479,0,autorisé MCO (type ≠ 3)
M48,M48,3,père interdit (type 3)
M48.0,M480,0,autorisé MCO (type ≠ 3)
M48.1,M481,0,autorisé MCO (type ≠ 3)
M48.2,M482,0,autorisé MCO (type ≠ 3)
M48.3,M483,0,autorisé MCO (type ≠ 3)
M48.4,M484,0,autorisé MCO (type ≠ 3)
M48.5,M485,0,autorisé MCO (type ≠ 3)
M48.8,M488,0,autorisé MCO (type ≠ 3)
M48.9,M489,0,autorisé MCO (type ≠ 3)
M49,M49,3,père interdit (type 3)
M49.0,M490,0,autorisé MCO (type ≠ 3)
M49.1,M491,0,autorisé MCO (type ≠ 3)
M49.2,M492,0,autorisé MCO (type ≠ 3)
M49.3,M493,0,autorisé MCO (type ≠ 3)
M49.4,M494,0,autorisé MCO (type ≠ 3)
M49.5,M495,0,autorisé MCO (type ≠ 3)
M49.8,M498,0,autorisé MCO (type ≠ 3)
M50,M50,3,père interdit (type 3)
M51,M51,3,père interdit (type 3)
M53,M53,3,père interdit (type 3)
M53.0,M530,0,autorisé MCO (type ≠ 3)
M53.1,M531,0,autorisé MCO (type ≠ 3)
M53.2,M532,0,autorisé MCO (type ≠ 3)
M53.3,M533,0,autorisé MCO (type ≠ 3)
M53.8,M538,0,autorisé MCO (type ≠ 3)
M53.9,M539,0,autorisé MCO (type ≠ 3)
M54,M54,3,père interdit (type 3)
M54.0,M540,0,autorisé MCO (type ≠ 3)
M54.1,M541,0,autorisé MCO (type ≠ 3)
M54.2,M542,0,autorisé MCO (type ≠ 3)
M54.3,M543,0,autorisé MCO (type ≠ 3)
M54.4,M544,0,autorisé MCO (type ≠ 3)
M54.5,M545,0,autorisé MCO (type ≠ 3)
M54.6,M546,0,autorisé MCO (type ≠ 3)
M54.8,M548,0,autorisé MCO (type ≠ 3)
M54.9,M549,0,autorisé MCO (type ≠ 3)
M60,M60,3,père interdit (type 3)
M60.0,M600,0,autorisé MCO (type ≠ 3)
M60.1,M601,0,autorisé MCO (type ≠ 3)
M60.2,M602,0,autorisé MCO (type ≠ 3)
M60.8,M608,0,autorisé MCO (type ≠ 3)
M60.9,M609,0,autorisé MCO (type ≠ 3)
M61,M61,3,père interdit (type 3)
M61.0,M610,0,autorisé MCO (type ≠ 3)
M61.1,M611,0,autorisé MCO (type ≠ 3)
M61.2,M612,0,autorisé MCO (type ≠ 3)
M61.3,M613,0,autorisé MCO (type ≠ 3)
M61.4,M614,0,autorisé MCO (type ≠ 3)
M61.5,M615,0,autorisé MCO (type ≠ 3)
M61.9,M619,0,autorisé MCO (type ≠ 3)
M62,M62,3,père interdit (type 3)
M62.0,M620,0,autorisé MCO (type ≠ 3)
M62.1,M621,0,autorisé MCO (type ≠ 3)
M62.2,M622,0,autorisé MCO (type ≠ 3)
M62.3,M623,0,autorisé MCO (type ≠ 3)
M62.4,M624,0,autorisé MCO (type ≠ 3)
M62.5,M625,0,autorisé MCO (type ≠ 3)
M62.6,M626,0,autorisé MCO (type ≠ 3)
M62.8,M628,3,père interdit (type 3)
M62.8-0,M62.8-0,"",inconnu de l'ATIH
M62.8-8,M62.8-8,"",inconnu de l'ATIH
M62.9,M629,1,autorisé MCO (type ≠ 3)
M63,M63,3,père interdit (type 3)
M63.0,M630,0,autorisé MCO (type ≠ 3)
M63.1,M631,0,autorisé MCO (type ≠ 3)
M63.2,M632,0,autorisé MCO (type ≠ 3)
M63.3,M633,0,autorisé MCO (type ≠ 3)
M63.8,M638,0,autorisé MCO (type ≠ 3)
M65,M65,3,père interdit (type 3)
M65.0,M650,0,autorisé MCO (type ≠ 3)
M65.1,M651,0,autorisé MCO (type ≠ 3)
M65.2,M652,0,autorisé MCO (type ≠ 3)
M65.3,M653,0,autorisé MCO (type ≠ 3)
M65.4,M654,0,autorisé MCO (type ≠ 3)
M65.8,M658,0,autorisé MCO (type ≠ 3)
M65.9,M659,0,autorisé MCO (type ≠ 3)
M66,M66,3,père interdit (type 3)
M66.0,M660,0,autorisé MCO (type ≠ 3)
M66.1,M661,0,autorisé MCO (type ≠ 3)
M66.2,M662,0,autorisé MCO (type ≠ 3)
M66.3,M663,0,autorisé MCO (type ≠ 3)
M66.4,M664,0,autorisé MCO (type ≠ 3)
M66.5,M665,0,autorisé MCO (type ≠ 3)
M67,M67,3,père interdit (type 3)
M67.0,M670,0,autorisé MCO (type ≠ 3)
M67.1,M671,0,autorisé MCO (type ≠ 3)
M67.2,M672,0,autorisé MCO (type ≠ 3)
M67.3,M673,0,autorisé MCO (type ≠ 3)
M67.4,M674,0,autorisé MCO (type ≠ 3)
M67.8,M678,0,autorisé MCO (type ≠ 3)
M67.9,M679,0,autorisé MCO (type ≠ 3)
M68,M68,3,père interdit (type 3)
M68.0,M680,0,autorisé MCO (type ≠ 3)
M68.8,M688,0,autorisé MCO (type ≠ 3)
M70,M70,3,père interdit (type 3)
M70.0,M700,0,autorisé MCO (type ≠ 3)
M70.1,M701,0,autorisé MCO (type ≠ 3)
M70.2,M702,0,autorisé MCO (type ≠ 3)
M70.3,M703,0,autorisé MCO (type ≠ 3)
M70.4,M704,0,autorisé MCO (type ≠ 3)
M70.5,M705,0,autorisé MCO (type ≠ 3)
M70.6,M706,0,autorisé MCO (type ≠ 3)
M70.7,M707,0,autorisé MCO (type ≠ 3)
M70.8,M708,0,autorisé MCO (type ≠ 3)
M70.9,M709,0,autorisé MCO (type ≠ 3)
M71,M71,3,père interdit (type 3)
M71.0,M710,0,autorisé MCO (type ≠ 3)
M71.1,M711,0,autorisé MCO (type ≠ 3)
M71.2,M712,0,autorisé MCO (type ≠ 3)
M71.3,M713,0,autorisé MCO (type ≠ 3)
M71.4,M714,0,autorisé MCO (type ≠ 3)
M71.5,M715,0,autorisé MCO (type ≠ 3)
M71.8,M718,0,autorisé MCO (type ≠ 3)
M71.9,M719,0,autorisé MCO (type ≠ 3)
M72,M72,3,père interdit (type 3)
M72.0,M720,0,autorisé MCO (type ≠ 3)
M72.1,M721,0,autorisé MCO (type ≠ 3)
M72.2,M722,0,autorisé MCO (type ≠ 3)
M72.4,M724,0,autorisé MCO (type ≠ 3)
M72.6,M726,0,autorisé MCO (type ≠ 3)
M72.8,M728,0,autorisé MCO (type ≠ 3)
M72.9,M729,0,autorisé MCO (type ≠ 3)
M73,M73,3,père interdit (type 3)
M73.0,M730,0,autorisé MCO (type ≠ 3)
M73.1,M731,0,autorisé MCO (type ≠ 3)
M73.8,M738,0,autorisé MCO (type ≠ 3)
M75,M75,3,père interdit (type 3)
M75.1,M751,0,autorisé MCO (type ≠ 3)
M75.2,M752,0,autorisé MCO (type ≠ 3)
M75.3,M753,0,autorisé MCO (type ≠ 3)
M75.4,M754,0,autorisé MCO (type ≠ 3)
M75.5,M755,0,autorisé MCO (type ≠ 3)
M75.8,M758,0,autorisé MCO (type ≠ 3)
M75.9,M759,0,autorisé MCO (type ≠ 3)
M76,M76,3,père interdit (type 3)
M76.0,M760,0,autorisé MCO (type ≠ 3)
M76.1,M761,0,autorisé MCO (type ≠ 3)
M76.2,M762,0,autorisé MCO (type ≠ 3)
M76.3,M763,0,autorisé MCO (type ≠ 3)
M76.4,M764,0,autorisé MCO (type ≠ 3)
M76.5,M765,0,autorisé MCO (type ≠ 3)
M76.6,M766,0,autorisé MCO (type ≠ 3)
M76.7,M767,0,autorisé MCO (type ≠ 3)
M76.8,M768,0,autorisé MCO (type ≠ 3)
M76.9,M769,0,autorisé MCO (type ≠ 3)
M77,M77,3,père interdit (type 3)
M77.0,M770,0,autorisé MCO (type ≠ 3)
M77.1,M771,0,autorisé MCO (type ≠ 3)
M77.2,M772,0,autorisé MCO (type ≠ 3)
M77.3,M773,0,autorisé MCO (type ≠ 3)
M77.4,M774,0,autorisé MCO (type ≠ 3)
M77.5,M775,0,autorisé MCO (type ≠ 3)
M77.8,M778,0,autorisé MCO (type ≠ 3)
M77.9,M779,0,autorisé MCO (type ≠ 3)
M79,M79,3,père interdit (type 3)
M79.0,M790,0,autorisé MCO (type ≠ 3)
M79.1,M791,0,autorisé MCO (type ≠ 3)
M79.2,M792,0,autorisé MCO (type ≠ 3)
M79.3,M793,0,autorisé MCO (type ≠ 3)
M79.4,M794,0,autorisé MCO (type ≠ 3)
M79.5,M795,0,autorisé MCO (type ≠ 3)
M79.6,M796,0,autorisé MCO (type ≠ 3)
M79.7,M797,0,autorisé MCO (type ≠ 3)
M79.8,M798,0,autorisé MCO (type ≠ 3)
M79.9,M799,1,autorisé MCO (type ≠ 3)
M80,M80,3,père interdit (type 3)
M80.0,M800,0,autorisé MCO (type ≠ 3)
M80.1,M801,0,autorisé MCO (type ≠ 3)
M80.2,M802,0,autorisé MCO (type ≠ 3)
M80.3,M803,0,autorisé MCO (type ≠ 3)
M80.4,M804,0,autorisé MCO (type ≠ 3)
M80.5,M805,0,autorisé MCO (type ≠ 3)
M80.8,M808,0,autorisé MCO (type ≠ 3)
M80.9,M809,0,autorisé MCO (type ≠ 3)
M81,M81,3,père interdit (type 3)
M81.0,M810,0,autorisé MCO (type ≠ 3)
M81.1,M811,0,autorisé MCO (type ≠ 3)
M81.2,M812,0,autorisé MCO (type ≠ 3)
M81.3,M813,0,autorisé MCO (type ≠ 3)
M81.4,M814,0,autorisé MCO (type ≠ 3)
M81.5,M815,0,autorisé MCO (type ≠ 3)
M81.6,M816,0,autorisé MCO (type ≠ 3)
M81.8,M818,0,autorisé MCO (type ≠ 3)
M81.9,M819,0,autorisé MCO (type ≠ 3)
M82,M82,3,père interdit (type 3)
M82.0,M820,0,autorisé MCO (type ≠ 3)
M82.1,M821,0,autorisé MCO (type ≠ 3)
M82.8,M828,0,autorisé MCO (type ≠ 3)
M83,M83,3,père interdit (type 3)
M83.2,M832,0,autorisé MCO (type ≠ 3)
M83.3,M833,0,autorisé MCO (type ≠ 3)
M83.4,M834,0,autorisé MCO (type ≠ 3)
M83.5,M835,0,autorisé MCO (type ≠ 3)
M83.8,M838,0,autorisé MCO (type ≠ 3)
M83.9,M839,0,autorisé MCO (type ≠ 3)
M84,M84,3,père interdit (type 3)
M84.0,M840,0,autorisé MCO (type ≠ 3)
M84.1,M841,0,autorisé MCO (type ≠ 3)
M84.2,M842,0,autorisé MCO (type ≠ 3)
M84.3,M843,0,autorisé MCO (type ≠ 3)
M84.4,M844,0,autorisé MCO (type ≠ 3)
M84.8,M848,0,autorisé MCO (type ≠ 3)
M84.9,M849,0,autorisé MCO (type ≠ 3)
M85,M85,3,père interdit (type 3)
M85.0,M850,0,autorisé MCO (type ≠ 3)
M85.1,M851,0,autorisé MCO (type ≠ 3)
M85.2,M852,0,autorisé MCO (type ≠ 3)
M85.3,M853,0,autorisé MCO (type ≠ 3)
M85.4,M854,0,autorisé MCO (type ≠ 3)
M85.5,M855,0,autorisé MCO (type ≠ 3)
M85.6,M856,0,autorisé MCO (type ≠ 3)
M85.8,M858,0,autorisé MCO (type ≠ 3)
M85.9,M859,0,autorisé MCO (type ≠ 3)
M86,M86,3,père interdit (type 3)
M86.0,M860,0,autorisé MCO (type ≠ 3)
M86.1,M861,0,autorisé MCO (type ≠ 3)
M86.2,M862,0,autorisé MCO (type ≠ 3)
M86.3,M863,0,autorisé MCO (type ≠ 3)
M86.4,M864,0,autorisé MCO (type ≠ 3)
M86.5,M865,0,autorisé MCO (type ≠ 3)
M86.6,M866,0,autorisé MCO (type ≠ 3)
M86.8,M868,0,autorisé MCO (type ≠ 3)
M86.9,M869,0,autorisé MCO (type ≠ 3)
M87,M87,3,père interdit (type 3)
M87.0,M870,0,autorisé MCO (type ≠ 3)
M87.1,M871,0,autorisé MCO (type ≠ 3)
M87.2,M872,0,autorisé MCO (type ≠ 3)
M87.3,M873,0,autorisé MCO (type ≠ 3)
M87.8,M878,0,autorisé MCO (type ≠ 3)
M87.9,M879,0,autorisé MCO (type ≠ 3)
M88,M88,3,père interdit (type 3)
M88.0,M880,0,autorisé MCO (type ≠ 3)
M88.8,M888,0,autorisé MCO (type ≠ 3)
M88.9,M889,0,autorisé MCO (type ≠ 3)
M89,M89,3,père interdit (type 3)
M89.0,M890,0,autorisé MCO (type ≠ 3)
M89.1,M891,0,autorisé MCO (type ≠ 3)
M89.2,M892,0,autorisé MCO (type ≠ 3)
M89.3,M893,0,autorisé MCO (type ≠ 3)
M89.4,M894,0,autorisé MCO (type ≠ 3)
M89.5,M895,0,autorisé MCO (type ≠ 3)
M89.6,M896,0,autorisé MCO (type ≠ 3)
M89.8,M898,0,autorisé MCO (type ≠ 3)
M89.9,M899,1,autorisé MCO (type ≠ 3)
M90,M90,3,père interdit (type 3)
M90.0,M900,0,autorisé MCO (type ≠ 3)
M90.1,M901,0,autorisé MCO (type ≠ 3)
M90.2,M902,0,autorisé MCO (type ≠ 3)
M90.3,M903,0,autorisé MCO (type ≠ 3)
M90.4,M904,0,autorisé MCO (type ≠ 3)
M90.5,M905,0,autorisé MCO (type ≠ 3)
M90.6,M906,0,autorisé MCO (type ≠ 3)
M90.7,M907,0,autorisé MCO (type ≠ 3)
M90.8,M908,0,autorisé MCO (type ≠ 3)
M91,M91,3,père interdit (type 3)
M91.0,M910,0,autorisé MCO (type ≠ 3)
M91.1,M911,0,autorisé MCO (type ≠ 3)
M91.2,M912,0,autorisé MCO (type ≠ 3)
M91.3,M913,0,autorisé MCO (type ≠ 3)
M91.8,M918,0,autorisé MCO (type ≠ 3)
M91.9,M919,0,autorisé MCO (type ≠ 3)
M92,M92,3,père interdit (type 3)
M92.0,M920,0,autorisé MCO (type ≠ 3)
M92.1,M921,0,autorisé MCO (type ≠ 3)
M92.2,M922,0,autorisé MCO (type ≠ 3)
M92.3,M923,0,autorisé MCO (type ≠ 3)
M92.4,M924,0,autorisé MCO (type ≠ 3)
M92.5,M925,0,autorisé MCO (type ≠ 3)
M92.6,M926,0,autorisé MCO (type ≠ 3)
M92.7,M927,0,autorisé MCO (type ≠ 3)
M92.8,M928,0,autorisé MCO (type ≠ 3)
M92.9,M929,0,autorisé MCO (type ≠ 3)
M93,M93,3,père interdit (type 3)
M93.0,M930,0,autorisé MCO (type ≠ 3)
M93.1,M931,0,autorisé MCO (type ≠ 3)
M93.2,M932,0,autorisé MCO (type ≠ 3)
M93.8,M938,0,autorisé MCO (type ≠ 3)
M93.9,M939,0,autorisé MCO (type ≠ 3)
M94,M94,3,père interdit (type 3)
M94.0,M940,0,autorisé MCO (type ≠ 3)
M94.1,M941,0,autorisé MCO (type ≠ 3)
M94.2,M942,0,autorisé MCO (type ≠ 3)
M94.3,M943,0,autorisé MCO (type ≠ 3)
M94.8,M948,0,autorisé MCO (type ≠ 3)
M94.9,M949,1,autorisé MCO (type ≠ 3)
M95,M95,3,père interdit (type 3)
M95.0,M950,0,autorisé MCO (type ≠ 3)
M95.2,M952,0,autorisé MCO (type ≠ 3)
M95.3,M953,0,autorisé MCO (type ≠ 3)
M95.4,M954,0,autorisé MCO (type ≠ 3)
M95.5,M955,0,autorisé MCO (type ≠ 3)
M95.8,M958,0,autorisé MCO (type ≠ 3)
M95.9,M959,0,autorisé MCO (type ≠ 3)
M96,M96,3,père interdit (type 3)
M96.0,M960,0,autorisé MCO (type ≠ 3)
M96.1,M961,0,autorisé MCO (type ≠ 3)
M96.2,M962,0,autorisé MCO (type ≠ 3)
M96.3,M963,0,autorisé MCO (type ≠ 3)
M96.4,M964,0,autorisé MCO (type ≠ 3)
M96.5,M965,0,autorisé MCO (type ≠ 3)
M96.6,M966,0,autorisé MCO (type ≠ 3)
M96.8,M968,0,autorisé MCO (type ≠ 3)
M96.9,M969,1,autorisé MCO (type ≠ 3)
M99,M99,3,père interdit (type 3)
M99.0,M990,0,autorisé MCO (type ≠ 3)
M99.1,M991,0,autorisé MCO (type ≠ 3)
M99.2,M992,0,autorisé MCO (type ≠ 3)
M99.3,M993,0,autorisé MCO (type ≠ 3)
M99.4,M994,0,autorisé MCO (type ≠ 3)
M99.5,M995,0,autorisé MCO (type ≠ 3)
M99.6,M996,0,autorisé MCO (type ≠ 3)
M99.7,M997,0,autorisé MCO (type ≠ 3)
M99.8,M998,0,autorisé MCO (type ≠ 3)
M99.9,M999,0,autorisé MCO (type ≠ 3)
N00,N00,3,père interdit (type 3)
N01,N01,3,père interdit (type 3)
N01.7,N017,0,autorisé MCO (type ≠ 3)
N02,N02,3,père interdit (type 3)
N02.0,N020,0,autorisé MCO (type ≠ 3)
N02.1,N021,0,autorisé MCO (type ≠ 3)
N03,N03,3,père interdit (type 3)
N03.1,N031,0,autorisé MCO (type ≠ 3)
N03.3,N033,0,autorisé MCO (type ≠ 3)
N03.8,N038,0,autorisé MCO (type ≠ 3)
N04,N04,3,père interdit (type 3)
N04.0,N040,0,autorisé MCO (type ≠ 3)
N05,N05,3,père interdit (type 3)
N06,N06,3,père interdit (type 3)
N07,N07,3,père interdit (type 3)
N08,N08,3,père interdit (type 3)
N11,N11,3,père interdit (type 3)
N13,N13,3,père interdit (type 3)
N14,N14,3,père interdit (type 3)
N15,N15,3,père interdit (type 3)
N16,N16,3,père interdit (type 3)
N17,N17,3,père interdit (type 3)
N18,N18,3,père interdit (type 3)
N20,N20,3,père interdit (type 3)
N21,N21,3,père interdit (type 3)
N22,N22,3,père interdit (type 3)
N25,N25,3,père interdit (type 3)
N27,N27,3,père interdit (type 3)
N28,N28,3,père interdit (type 3)
N29,N29,3,père interdit (type 3)
N30,N30,3,père interdit (type 3)
N31,N31,3,père interdit (type 3)
N32,N32,3,père interdit (type 3)
N33,N33,3,père interdit (type 3)
N34,N34,3,père interdit (type 3)
N35,N35,3,père interdit (type 3)
N36,N36,3,père interdit (type 3)
N37,N37,3,père interdit (type 3)
N39,N39,3,père interdit (type 3)
N41,N41,3,père interdit (type 3)
N42,N42,3,père interdit (type 3)
N43,N43,3,père interdit (type 3)
N45,N45,3,père interdit (type 3)
N48,N48,3,père interdit (type 3)
N49,N49,3,père interdit (type 3)
N50,N50,3,père interdit (type 3)
N51,N51,3,père interdit (type 3)
N60,N60,3,père interdit (type 3)
N64,N64,3,père interdit (type 3)
N70,N70,3,père interdit (type 3)
N71,N71,3,père interdit (type 3)
N73,N73,3,père interdit (type 3)
N74,N74,3,père interdit (type 3)
N75,N75,3,père interdit (type 3)
N76,N76,3,père interdit (type 3)
N77,N77,3,père interdit (type 3)
N80,N80,3,père interdit (type 3)
N81,N81,3,père interdit (type 3)
N82,N82,3,père interdit (type 3)
N83,N83,3,père interdit (type 3)
N84,N84,3,père interdit (type 3)
N85,N85,3,père interdit (type 3)
N87,N87,3,père interdit (type 3)
N88,N88,3,père interdit (type 3)
N89,N89,3,père interdit (type 3)
N90,N90,3,père interdit (type 3)
N91,N91,3,père interdit (type 3)
N92,N92,3,père interdit (type 3)
N93,N93,3,père interdit (type 3)
N94,N94,3,père interdit (type 3)
N95,N95,3,père interdit (type 3)
N97,N97,3,père interdit (type 3)
N98,N98,3,père interdit (type 3)
N99,N99,3,père interdit (type 3)
S00,S00,3,père interdit (type 3)
S01,S01,3,père interdit (type 3)
S02,S02,3,père interdit (type 3)
S02.0,S020,3,père interdit (type 3)
S02.1,S021,3,père interdit (type 3)
S02.2,S022,3,père interdit (type 3)
S02.3,S023,3,père interdit (type 3)
S02.4,S024,3,père interdit (type 3)
S02.5,S025,0,autorisé MCO (type ≠ 3)
S02.6,S026,3,père interdit (type 3)
S02.7,S027,3,père interdit (type 3)
S02.8,S028,3,père interdit (type 3)
S02.9,S029,3,père interdit (type 3)
S03,S03,3,père interdit (type 3)
S04,S04,3,père interdit (type 3)
S05,S05,3,père interdit (type 3)
S06,S06,3,père interdit (type 3)
S06.0,S060,0,autorisé MCO (type ≠ 3)
S06.1,S061,0,autorisé MCO (type ≠ 3)
S06.2,S062,0,autorisé MCO (type ≠ 3)
S06.3,S063,0,autorisé MCO (type ≠ 3)
S06.4,S064,0,autorisé MCO (type ≠ 3)
S06.5,S065,0,autorisé MCO (type ≠ 3)
S06.6,S066,0,autorisé MCO (type ≠ 3)
S06.7,S067,0,autorisé MCO (type ≠ 3)
S06.8,S068,0,autorisé MCO (type ≠ 3)
S06.9,S069,0,autorisé MCO (type ≠ 3)
S07,S07,3,père interdit (type 3)
S08,S08,3,père interdit (type 3)
S09,S09,3,père interdit (type 3)
S10,S10,3,père interdit (type 3)
S11,S11,3,père interdit (type 3)
S12,S12,3,père interdit (type 3)
S12.0,S120,3,père interdit (type 3)
S12.1,S121,3,père interdit (type 3)
S12.2,S122,3,père interdit (type 3)
S12.7,S127,3,père interdit (type 3)
S12.8,S128,3,père interdit (type 3)
S12.9,S129,3,père interdit (type 3)
S13,S13,3,père interdit (type 3)
S14,S14,3,père interdit (type 3)
S15,S15,3,père interdit (type 3)
S17,S17,3,père interdit (type 3)
S19,S19,3,père interdit (type 3)
S20,S20,3,père interdit (type 3)
S21,S21,3,père interdit (type 3)
S22,S22,3,père interdit (type 3)
S22.0,S220,3,père interdit (type 3)
S22.1,S221,3,père interdit (type 3)
S22.2,S222,3,père interdit (type 3)
S22.3,S223,3,père interdit (type 3)
S22.4,S224,3,père interdit (type 3)
S22.5,S225,3,père interdit (type 3)
S22.8,S228,3,père interdit (type 3)
S22.9,S229,3,père interdit (type 3)
S23,S23,3,père interdit (type 3)
S24,S24,3,père interdit (type 3)
S25,S25,3,père interdit (type 3)
S25.8,S258,3,père interdit (type 3)
S26,S26,3,père interdit (type 3)
S26.0,S260,0,autorisé MCO (type ≠ 3)
S26.8,S268,0,autorisé MCO (type ≠ 3)
S26.9,S269,0,autorisé MCO (type ≠ 3)
S27,S27,3,père interdit (type 3)
S27.0,S270,0,autorisé MCO (type ≠ 3)
S27.1,S271,0,autorisé MCO (type ≠ 3)
S27.2,S272,0,autorisé MCO (type ≠ 3)
S27.3,S273,0,autorisé MCO (type ≠ 3)
S27.4,S274,0,autorisé MCO (type ≠ 3)
S27.5,S275,0,autorisé MCO (type ≠ 3)
S27.6,S276,0,autorisé MCO (type ≠ 3)
S27.7,S277,0,autorisé MCO (type ≠ 3)
S27.8,S278,0,autorisé MCO (type ≠ 3)
S27.9,S279,1,autorisé MCO (type ≠ 3)
S28,S28,3,père interdit (type 3)
S29,S29,3,père interdit (type 3)
S30,S30,3,père interdit (type 3)
S31,S31,3,père interdit (type 3)
S32,S32,3,père interdit (type 3)
S32.0,S320,3,père interdit (type 3)
S32.1,S321,3,père interdit (type 3)
S32.2,S322,3,père interdit (type 3)
S32.3,S323,3,père interdit (type 3)
S32.4,S324,3,père interdit (type 3)
S32.5,S325,3,père interdit (type 3)
S32.7,S327,3,père interdit (type 3)
S32.8,S328,3,père interdit (type 3)
S33,S33,3,père interdit (type 3)
S34,S34,3,père interdit (type 3)
S35,S35,3,père interdit (type 3)
S36,S36,3,père interdit (type 3)
S36.0,S360,0,autorisé MCO (type ≠ 3)
S36.1,S361,0,autorisé MCO (type ≠ 3)
S36.2,S362,0,autorisé MCO (type ≠ 3)
S36.3,S363,0,autorisé MCO (type ≠ 3)
S36.4,S364,0,autorisé MCO (type ≠ 3)
S36.5,S365,0,autorisé MCO (type ≠ 3)
S36.6,S366,0,autorisé MCO (type ≠ 3)
S36.7,S367,0,autorisé MCO (type ≠ 3)
S36.8,S368,0,autorisé MCO (type ≠ 3)
S36.9,S369,1,autorisé MCO (type ≠ 3)
S37,S37,3,père interdit (type 3)
S37.0,S370,0,autorisé MCO (type ≠ 3)
S37.1,S371,0,autorisé MCO (type ≠ 3)
S37.2,S372,0,autorisé MCO (type ≠ 3)
S37.3,S373,0,autorisé MCO (type ≠ 3)
S37.4,S374,0,autorisé MCO (type ≠ 3)
S37.5,S375,0,autorisé MCO (type ≠ 3)
S37.6,S376,0,autorisé MCO (type ≠ 3)
S37.7,S377,0,autorisé MCO (type ≠ 3)
S37.8,S378,3,père interdit (type 3)
S37.8-0,S37.8-0,"",inconnu de l'ATIH
S37.8-8,S37.8-8,"",inconnu de l'ATIH
S37.9,S379,1,autorisé MCO (type ≠ 3)
S38,S38,3,père interdit (type 3)
S38.1,S381,3,père interdit (type 3)
S39,S39,3,père interdit (type 3)
S40,S40,3,père interdit (type 3)
S41,S41,3,père interdit (type 3)
S42,S42,3,père interdit (type 3)
S42.0,S420,3,père interdit (type 3)
S42.1,S421,3,père interdit (type 3)
S42.2,S422,3,père interdit (type 3)
S42.3,S423,3,père interdit (type 3)
S42.4,S424,3,père interdit (type 3)
S42.7,S427,3,père interdit (type 3)
S42.8,S428,3,père interdit (type 3)
S42.9,S429,3,père interdit (type 3)
S43,S43,3,père interdit (type 3)
S44,S44,3,père interdit (type 3)
S45,S45,3,père interdit (type 3)
S46,S46,3,père interdit (type 3)
S47,S47,3,père interdit (type 3)
S48,S48,3,père interdit (type 3)
S49,S49,3,père interdit (type 3)
S50,S50,3,père interdit (type 3)
S51,S51,3,père interdit (type 3)
S52,S52,3,père interdit (type 3)
S52.0,S520,3,père interdit (type 3)
S52.1,S521,3,père interdit (type 3)
S52.2,S522,3,père interdit (type 3)
S52.3,S523,3,père interdit (type 3)
S52.4,S524,3,père interdit (type 3)
S52.5,S525,3,père interdit (type 3)
S52.6,S526,3,père interdit (type 3)
S52.7,S527,3,père interdit (type 3)
S52.8,S528,3,père interdit (type 3)
S52.9,S529,3,père interdit (type 3)
S53,S53,3,père interdit (type 3)
S54,S54,3,père interdit (type 3)
S55,S55,3,père interdit (type 3)
S56,S56,3,père interdit (type 3)
S57,S57,3,père interdit (type 3)
S58,S58,3,père interdit (type 3)
S59,S59,3,père interdit (type 3)
S60,S60,3,père interdit (type 3)
S61,S61,3,père interdit (type 3)
S62,S62,3,père interdit (type 3)
S62.0,S620,3,père interdit (type 3)
S62.1,S621,3,père interdit (type 3)
S62.2,S622,3,père interdit (type 3)
S62.3,S623,3,père interdit (type 3)
S62.4,S624,3,père interdit (type 3)
S62.5,S625,3,père interdit (type 3)
S62.6,S626,3,père interdit (type 3)
S62.7,S627,3,père interdit (type 3)
S62.8,S628,3,père interdit (type 3)
S63,S63,3,père interdit (type 3)
S64,S64,3,père interdit (type 3)
S65,S65,3,père interdit (type 3)
S66,S66,3,père interdit (type 3)
S67,S67,3,père interdit (type 3)
S68,S68,3,père interdit (type 3)
S69,S69,3,père interdit (type 3)
S70,S70,3,père interdit (type 3)
S71,S71,3,père interdit (type 3)
S72,S72,3,père interdit (type 3)
S72.0,S720,3,père interdit (type 3)
S72.1,S721,3,père interdit (type 3)
S72.2,S722,3,père interdit (type 3)
S72.3,S723,3,père interdit (type 3)
S72.4,S724,3,père interdit (type 3)
S72.7,S727,3,père interdit (type 3)
S72.8,S728,3,père interdit (type 3)
S72.9,S729,3,père interdit (type 3)
S73,S73,3,père interdit (type 3)
S74,S74,3,père interdit (type 3)
S75,S75,3,père interdit (type 3)
S76,S76,3,père interdit (type 3)
S77,S77,3,père interdit (type 3)
S78,S78,3,père interdit (type 3)
S79,S79,3,père interdit (type 3)
S80,S80,3,père interdit (type 3)
S81,S81,3,père interdit (type 3)
S82,S82,3,père interdit (type 3)
S82.0,S820,3,père interdit (type 3)
S82.1,S821,3,père interdit (type 3)
S82.2,S822,3,père interdit (type 3)
S82.3,S823,3,père interdit (type 3)
S82.4,S824,3,père interdit (type 3)
S82.5,S825,3,père interdit (type 3)
S82.6,S826,3,père interdit (type 3)
S82.7,S827,3,père interdit (type 3)
S82.8,S828,3,père interdit (type 3)
S82.9,S829,3,père interdit (type 3)
S83,S83,3,père interdit (type 3)
S84,S84,3,père interdit (type 3)
S85,S85,3,père interdit (type 3)
S86,S86,3,père interdit (type 3)
S87,S87,3,père interdit (type 3)
S88,S88,3,père interdit (type 3)
S89,S89,3,père interdit (type 3)
S90,S90,3,père interdit (type 3)
S91,S91,3,père interdit (type 3)
S92,S92,3,père interdit (type 3)
S92.0,S920,3,père interdit (type 3)
S92.1,S921,3,père interdit (type 3)
S92.2,S922,3,père interdit (type 3)
S92.3,S923,3,père interdit (type 3)
S92.4,S924,3,père interdit (type 3)
S92.5,S925,3,père interdit (type 3)
S92.7,S927,3,père interdit (type 3)
S92.9,S929,3,père interdit (type 3)
S93,S93,3,père interdit (type 3)
S94,S94,3,père interdit (type 3)
S95,S95,3,père interdit (type 3)
S96,S96,3,père interdit (type 3)
S97,S97,3,père interdit (type 3)
S98,S98,3,père interdit (type 3)
S99,S99,3,père interdit (type 3)
T00,T00,3,père interdit (type 3)
T01,T01,3,père interdit (type 3)
T02,T02,3,père interdit (type 3)
T02.0,T020,3,père interdit (type 3)
T02.1,T021,3,père interdit (type 3)
T02.2,T022,3,père interdit (type 3)
T02.3,T023,3,père interdit (type 3)
T02.4,T024,3,père interdit (type 3)
T02.5,T025,3,père interdit (type 3)
T02.6,T026,3,père interdit (type 3)
T02.7,T027,3,père interdit (type 3)
T02.8,T028,3,père interdit (type 3)
T02.9,T029,3,père interdit (type 3)
T03,T03,3,père interdit (type 3)
T04,T04,3,père interdit (type 3)
T05,T05,3,père interdit (type 3)
T06,T06,3,père interdit (type 3)
T08,T08,3,père interdit (type 3)
T09,T09,3,père interdit (type 3)
T10,T10,3,père interdit (type 3)
T11,T11,3,père interdit (type 3)
T12,T12,3,père interdit (type 3)
T13,T13,3,père interdit (type 3)
T14,T14,3,père interdit (type 3)
T14.2,T142,3,père interdit (type 3)
T15,T15,3,père interdit (type 3)
T17,T17,3,père interdit (type 3)
T18,T18,3,père interdit (type 3)
T19,T19,3,père interdit (type 3)
T20,T20,3,père interdit (type 3)
T21,T21,3,père interdit (type 3)
T22,T22,3,père interdit (type 3)
T23,T23,3,père interdit (type 3)
T24,T24,3,père interdit (type 3)
T25,T25,3,père interdit (type 3)
T26,T26,3,père interdit (type 3)
T27,T27,3,père interdit (type 3)
T28,T28,3,père interdit (type 3)
T29,T29,3,père interdit (type 3)
T30,T30,3,père interdit (type 3)
T31,T31,3,père interdit (type 3)
T31.3,T313,3,père interdit (type 3)
T31.4,T314,3,père interdit (type 3)
T31.5,T315,3,père interdit (type 3)
T32,T32,3,père interdit (type 3)
T33,T33,3,père interdit (type 3)
T34,T34,3,père interdit (type 3)
T35,T35,3,père interdit (type 3)
T36,T36,3,père interdit (type 3)
T37,T37,3,père interdit (type 3)
T38,T38,3,père interdit (type 3)
T39,T39,3,père interdit (type 3)
T40,T40,3,père interdit (type 3)
T41,T41,3,père interdit (type 3)
T42,T42,3,père interdit (type 3)
T43,T43,3,père interdit (type 3)
T44,T44,3,père interdit (type 3)
T45,T45,3,père interdit (type 3)
T46,T46,3,père interdit (type 3)
T47,T47,3,père interdit (type 3)
T48,T48,3,père interdit (type 3)
T49,T49,3,père interdit (type 3)
T50,T50,3,père interdit (type 3)
T51,T51,3,père interdit (type 3)
T52,T52,3,père interdit (type 3)
T53,T53,3,père interdit (type 3)
T54,T54,3,père interdit (type 3)
T56,T56,3,père interdit (type 3)
T57,T57,3,père interdit (type 3)
T59,T59,3,père interdit (type 3)
T60,T60,3,père interdit (type 3)
T61,T61,3,père interdit (type 3)
T62,T62,3,père interdit (type 3)
T63,T63,3,père interdit (type 3)
T65,T65,3,père interdit (type 3)
T67,T67,3,père interdit (type 3)
T68,T68,3,père interdit (type 3)
T69,T69,3,père interdit (type 3)
T70,T70,3,père interdit (type 3)
T73,T73,3,père interdit (type 3)
T74,T74,3,père interdit (type 3)
T75,T75,3,père interdit (type 3)
T78,T78,3,père interdit (type 3)
T79,T79,3,père interdit (type 3)
T80,T80,3,père interdit (type 3)
T81,T81,3,père interdit (type 3)
T81.3,T813,3,père interdit (type 3)
T82,T82,3,père interdit (type 3)
T83,T83,3,père interdit (type 3)
T84,T84,3,père interdit (type 3)
T85,T85,3,père interdit (type 3)
T85.5,T855,3,père interdit (type 3)
T86,T86,3,père interdit (type 3)
T86.0,T860,3,père interdit (type 3)
T86.8,T868,3,père interdit (type 3)
T87,T87,3,père interdit (type 3)
T88,T88,3,père interdit (type 3)
T90,T90,3,père interdit (type 3)
T91,T91,3,père interdit (type 3)
T92,T92,3,père interdit (type 3)
T93,T93,3,père interdit (type 3)
T94,T94,3,père interdit (type 3)
T95,T95,3,père interdit (type 3)
T98,T98,3,père interdit (type 3)
O00,O00,3,père interdit (type 3)
O01,O01,3,père interdit (type 3)
O02,O02,3,père interdit (type 3)
O03,O03,3,père interdit (type 3)
O04,O04,3,père interdit (type 3)
O04.-0,O04.-0,"",inconnu de l'ATIH
O04.-1,O04.-1,"",inconnu de l'ATIH
O04.-2,O04.-2,"",inconnu de l'ATIH
O04.-3,O04.-3,"",inconnu de l'ATIH
O05,O05,3,père interdit (type 3)
O06,O06,3,père interdit (type 3)
O07,O07,3,père interdit (type 3)
O08,O08,3,père interdit (type 3)
O10,O10,3,père interdit (type 3)
O12,O12,3,père interdit (type 3)
O14,O14,3,père interdit (type 3)
O15,O15,3,père interdit (type 3)
O20,O20,3,père interdit (type 3)
O21,O21,3,père interdit (type 3)
O22,O22,3,père interdit (type 3)
O23,O23,3,père interdit (type 3)
O24,O24,3,père interdit (type 3)
O26,O26,3,père interdit (type 3)
O28,O28,3,père interdit (type 3)
O29,O29,3,père interdit (type 3)
O30,O30,3,père interdit (type 3)
O31,O31,3,père interdit (type 3)
O32,O32,3,père interdit (type 3)
O33,O33,3,père interdit (type 3)
O34,O34,3,père interdit (type 3)
O35,O35,3,père interdit (type 3)
O36,O36,3,père interdit (type 3)
O41,O41,3,père interdit (type 3)
O42,O42,3,père interdit (type 3)
O43,O43,3,père interdit (type 3)
O44,O44,3,père interdit (type 3)
O45,O45,3,père interdit (type 3)
O46,O46,3,père interdit (type 3)
O47,O47,3,père interdit (type 3)
O60,O60,3,père interdit (type 3)
O61,O61,3,père interdit (type 3)
O62,O62,3,père interdit (type 3)
O63,O63,3,père interdit (type 3)
O64,O64,3,père interdit (type 3)
O65,O65,3,père interdit (type 3)
O66,O66,3,père interdit (type 3)
O67,O67,3,père interdit (type 3)
O68,O68,3,père interdit (type 3)
O69,O69,3,père interdit (type 3)
O70,O70,3,père interdit (type 3)
O71,O71,3,père interdit (type 3)
O72,O72,3,père interdit (type 3)
O72.0,O720,0,autorisé MCO (type ≠ 3)
O72.1,O721,0,autorisé MCO (type ≠ 3)
O72.2,O722,0,autorisé MCO (type ≠ 3)
O73,O73,3,père interdit (type 3)
O74,O74,3,père interdit (type 3)
O75,O75,3,père interdit (type 3)
O80,O80,3,père interdit (type 3)
O81,O81,3,père interdit (type 3)
O82,O82,3,père interdit (type 3)
O83,O83,3,père interdit (type 3)
O84,O84,3,père interdit (type 3)
O86,O86,3,père interdit (type 3)
O87,O87,3,père interdit (type 3)
O88,O88,3,père interdit (type 3)
O89,O89,3,père interdit (type 3)
O90,O90,3,père interdit (type 3)
O91,O91,3,père interdit (type 3)
O92,O92,3,père interdit (type 3)
O96,O96,3,père interdit (type 3)
O97,O97,3,père interdit (type 3)
O98,O98,3,père interdit (type 3)
O99,O99,3,père interdit (type 3)
P00,P00,3,père interdit (type 3)
P01,P01,3,père interdit (type 3)
P02,P02,3,père interdit (type 3)
P03,P03,3,père interdit (type 3)
P04,P04,3,père interdit (type 3)
P05,P05,3,père interdit (type 3)
P07,P07,3,père interdit (type 3)
P08,P08,3,père interdit (type 3)
P10,P10,3,père interdit (type 3)
P11,P11,3,père interdit (type 3)
P12,P12,3,père interdit (type 3)
P13,P13,3,père interdit (type 3)
P14,P14,3,père interdit (type 3)
P15,P15,3,père interdit (type 3)
P20,P20,3,père interdit (type 3)
P21,P21,3,père interdit (type 3)
P22,P22,3,père interdit (type 3)
P23,P23,3,père interdit (type 3)
P24,P24,3,père interdit (type 3)
P25,P25,3,père interdit (type 3)
P26,P26,3,père interdit (type 3)
P27,P27,3,père interdit (type 3)
P28,P28,3,père interdit (type 3)
P29,P29,3,père interdit (type 3)
P35,P35,3,père interdit (type 3)
P36,P36,3,père interdit (type 3)
P36.0,P360,3,père interdit (type 3)
P36.1,P361,3,père interdit (type 3)
P36.2,P362,3,père interdit (type 3)
P36.3,P363,3,père interdit (type 3)
P36.4,P364,3,père interdit (type 3)
P36.5,P365,3,père interdit (type 3)
P36.8,P368,3,père interdit (type 3)
P36.9,P369,3,père interdit (type 3)
P37,P37,3,père interdit (type 3)
P39,P39,3,père interdit (type 3)
P50,P50,3,père interdit (type 3)
P51,P51,3,père interdit (type 3)
P52,P52,3,père interdit (type 3)
P54,P54,3,père interdit (type 3)
P55,P55,3,père interdit (type 3)
P56,P56,3,père interdit (type 3)
P57,P57,3,père interdit (type 3)
P58,P58,3,père interdit (type 3)
P59,P59,3,père interdit (type 3)
P61,P61,3,père interdit (type 3)
P70,P70,3,père interdit (type 3)
P71,P71,3,père interdit (type 3)
P72,P72,3,père interdit (type 3)
P74,P74,3,père interdit (type 3)
P76,P76,3,père interdit (type 3)
P78,P78,3,père interdit (type 3)
P80,P80,3,père interdit (type 3)
P81,P81,3,père interdit (type 3)
P83,P83,3,père interdit (type 3)
P91,P91,3,père interdit (type 3)
P92,P92,3,père interdit (type 3)
P94,P94,3,père interdit (type 3)
P95,P95,3,père interdit (type 3)
P96,P96,3,père interdit (type 3)
Q00,Q00,3,père interdit (type 3)
Q01,Q01,3,père interdit (type 3)
Q03,Q03,3,père interdit (type 3)
Q04,Q04,3,père interdit (type 3)
Q05,Q05,3,père interdit (type 3)
Q06,Q06,3,père interdit (type 3)
Q07,Q07,3,père interdit (type 3)
Q10,Q10,3,père interdit (type 3)
Q11,Q11,3,père interdit (type 3)
Q12,Q12,3,père interdit (type 3)
Q13,Q13,3,père interdit (type 3)
Q14,Q14,3,père interdit (type 3)
Q15,Q15,3,père interdit (type 3)
Q16,Q16,3,père interdit (type 3)
Q17,Q17,3,père interdit (type 3)
Q18,Q18,3,père interdit (type 3)
Q18.0,Q180,3,père interdit (type 3)
Q20,Q20,3,père interdit (type 3)
Q21,Q21,3,père interdit (type 3)
Q22,Q22,3,père interdit (type 3)
Q23,Q23,3,père interdit (type 3)
Q24,Q24,3,père interdit (type 3)
Q25,Q25,3,père interdit (type 3)
Q26,Q26,3,père interdit (type 3)
Q27,Q27,3,père interdit (type 3)
Q28,Q28,3,père interdit (type 3)
Q30,Q30,3,père interdit (type 3)
Q31,Q31,3,père interdit (type 3)
Q32,Q32,3,père interdit (type 3)
Q33,Q33,3,père interdit (type 3)
Q34,Q34,3,père interdit (type 3)
Q35,Q35,3,père interdit (type 3)
Q36,Q36,3,père interdit (type 3)
Q37,Q37,3,père interdit (type 3)
Q38,Q38,3,père interdit (type 3)
Q39,Q39,3,père interdit (type 3)
Q40,Q40,3,père interdit (type 3)
Q41,Q41,3,père interdit (type 3)
Q42,Q42,3,père interdit (type 3)
Q43,Q43,3,père interdit (type 3)
Q44,Q44,3,père interdit (type 3)
Q45,Q45,3,père interdit (type 3)
Q50,Q50,3,père interdit (type 3)
Q51,Q51,3,père interdit (type 3)
Q52,Q52,3,père interdit (type 3)
Q53,Q53,3,père interdit (type 3)
Q54,Q54,3,père interdit (type 3)
Q55,Q55,3,père interdit (type 3)
Q56,Q56,3,père interdit (type 3)
Q60,Q60,3,père interdit (type 3)
Q61,Q61,3,père interdit (type 3)
Q62,Q62,3,père interdit (type 3)
Q63,Q63,3,père interdit (type 3)
Q64,Q64,3,père interdit (type 3)
Q65,Q65,3,père interdit (type 3)
Q66,Q66,3,père interdit (type 3)
Q67,Q67,3,père interdit (type 3)
Q68,Q68,3,père interdit (type 3)
Q69,Q69,3,père interdit (type 3)
Q70,Q70,3,père interdit (type 3)
Q71,Q71,3,père interdit (type 3)
Q72,Q72,3,père interdit (type 3)
Q73,Q73,3,père interdit (type 3)
Q74,Q74,3,père interdit (type 3)
Q75,Q75,3,père interdit (type 3)
Q76,Q76,3,père interdit (type 3)
Q77,Q77,3,père interdit (type 3)
Q78,Q78,3,père interdit (type 3)
Q79,Q79,3,père interdit (type 3)
Q80,Q80,3,père interdit (type 3)
Q81,Q81,3,père interdit (type 3)
Q82,Q82,3,père interdit (type 3)
Q83,Q83,3,père interdit (type 3)
Q84,Q84,3,père interdit (type 3)
Q85,Q85,3,père interdit (type 3)
Q86,Q86,3,père interdit (type 3)
Q87,Q87,3,père interdit (type 3)
Q89,Q89,3,père interdit (type 3)
Q90,Q90,3,père interdit (type 3)
Q91,Q91,3,père interdit (type 3)
Q92,Q92,3,père interdit (type 3)
Q93,Q93,3,père interdit (type 3)
Q95,Q95,3,père interdit (type 3)
Q96,Q96,3,père interdit (type 3)
Q97,Q97,3,père interdit (type 3)
Q98,Q98,3,père interdit (type 3)
Q99,Q99,3,père interdit (type 3)
R00,R00,3,père interdit (type 3)
R01,R01,3,père interdit (type 3)
R03,R03,3,père interdit (type 3)
R04,R04,3,père interdit (type 3)
R06,R06,3,père interdit (type 3)
R07,R07,3,père interdit (type 3)
R09,R09,3,père interdit (type 3)
R10,R10,3,père interdit (type 3)
R16,R16,3,père interdit (type 3)
R17,R17,3,père interdit (type 3)
R19,R19,3,père interdit (type 3)
R20,R20,3,père interdit (type 3)
R22,R22,3,père interdit (type 3)
R23,R23,3,père interdit (type 3)
R25,R25,3,père interdit (type 3)
R26,R26,3,père interdit (type 3)
R26.3,R263,3,père interdit (type 3)
R27,R27,3,père interdit (type 3)
R29,R29,3,père interdit (type 3)
R30,R30,3,père interdit (type 3)
R39,R39,3,père interdit (type 3)
R40,R40,3,père interdit (type 3)
R40.1,R401,3,père interdit (type 3)
R40.2,R402,3,père interdit (type 3)
R41,R41,3,père interdit (type 3)
R43,R43,3,père interdit (type 3)
R44,R44,3,père interdit (type 3)
R45,R45,3,père interdit (type 3)
R46,R46,3,père interdit (type 3)
R47,R47,3,père interdit (type 3)
R47.0,R470,3,père interdit (type 3)
R48,R48,3,père interdit (type 3)
R48.1,R481,3,père interdit (type 3)
R49,R49,3,père interdit (type 3)
R50,R50,3,père interdit (type 3)
R52,R52,3,père interdit (type 3)
R52.1,R521,3,père interdit (type 3)
R53,R53,3,père interdit (type 3)
R54,R54,3,père interdit (type 3)
R56,R56,3,père interdit (type 3)
R57,R57,3,père interdit (type 3)
R59,R59,3,père interdit (type 3)
R60,R60,3,père interdit (type 3)
R61,R61,3,père interdit (type 3)
R62,R62,3,père interdit (type 3)
R63,R63,3,père interdit (type 3)
R65,R65,3,père interdit (type 3)
R68,R68,3,père interdit (type 3)
R70,R70,3,père interdit (type 3)
R73,R73,3,père interdit (type 3)
R74,R74,3,père interdit (type 3)
R76,R76,3,père interdit (type 3)
R77,R77,3,père interdit (type 3)
R78,R78,3,père interdit (type 3)
R79,R79,3,père interdit (type 3)
R82,R82,3,père interdit (type 3)
R83,R83,3,père interdit (type 3)
R84,R84,3,père interdit (type 3)
R85,R85,3,père interdit (type 3)
R86,R86,3,père interdit (type 3)
R87,R87,3,père interdit (type 3)
R89,R89,3,père interdit (type 3)
R90,R90,3,père interdit (type 3)
R93,R93,3,père interdit (type 3)
R94,R94,3,père interdit (type 3)
R95,R95,3,père interdit (type 3)
R96,R96,3,père interdit (type 3)
V01,V01,3,père interdit (type 3)
V02,V02,3,père interdit (type 3)
V03,V03,3,père interdit (type 3)
V04,V04,3,père interdit (type 3)
V05,V05,3,père interdit (type 3)
V06,V06,3,père interdit (type 3)
V09,V09,3,père interdit (type 3)
V10,V10,3,père interdit (type 3)
V11,V11,3,père interdit (type 3)
V12,V12,3,père interdit (type 3)
V13,V13,3,père interdit (type 3)
V14,V14,3,père interdit (type 3)
V15,V15,3,père interdit (type 3)
V16,V16,3,père interdit (type 3)
V17,V17,3,père interdit (type 3)
V18,V18,3,père interdit (type 3)
V19,V19,3,père interdit (type 3)
V20,V20,3,père interdit (type 3)
V21,V21,3,père interdit (type 3)
V22,V22,3,père interdit (type 3)
V23,V23,3,père interdit (type 3)
V24,V24,3,père interdit (type 3)
V25,V25,3,père interdit (type 3)
V26,V26,3,père interdit (type 3)
V27,V27,3,père interdit (type 3)
V28,V28,3,père interdit (type 3)
V29,V29,3,père interdit (type 3)
V30,V30,3,père interdit (type 3)
V31,V31,3,père interdit (type 3)
V32,V32,3,père interdit (type 3)
V33,V33,3,père interdit (type 3)
V34,V34,3,père interdit (type 3)
V35,V35,3,père interdit (type 3)
V36,V36,3,père interdit (type 3)
V37,V37,3,père interdit (type 3)
V38,V38,3,père interdit (type 3)
V39,V39,3,père interdit (type 3)
V40,V40,3,père interdit (type 3)
V41,V41,3,père interdit (type 3)
V42,V42,3,père interdit (type 3)
V43,V43,3,père interdit (type 3)
V44,V44,3,père interdit (type 3)
V45,V45,3,père interdit (type 3)
V46,V46,3,père interdit (type 3)
V47,V47,3,père interdit (type 3)
V48,V48,3,père interdit (type 3)
V49,V49,3,père interdit (type 3)
V50,V50,3,père interdit (type 3)
V51,V51,3,père interdit (type 3)
V52,V52,3,père interdit (type 3)
V53,V53,3,père interdit (type 3)
V54,V54,3,père interdit (type 3)
V55,V55,3,père interdit (type 3)
V56,V56,3,père interdit (type 3)
V57,V57,3,père interdit (type 3)
V58,V58,3,père interdit (type 3)
V59,V59,3,père interdit (type 3)
V60,V60,3,père interdit (type 3)
V61,V61,3,père interdit (type 3)
V62,V62,3,père interdit (type 3)
V63,V63,3,père interdit (type 3)
V64,V64,3,père interdit (type 3)
V65,V65,3,père interdit (type 3)
V66,V66,3,père interdit (type 3)
V67,V67,3,père interdit (type 3)
V68,V68,3,père interdit (type 3)
V69,V69,3,père interdit (type 3)
V70,V70,3,père interdit (type 3)
V71,V71,3,père interdit (type 3)
V72,V72,3,père interdit (type 3)
V73,V73,3,père interdit (type 3)
V74,V74,3,père interdit (type 3)
V75,V75,3,père interdit (type 3)
V76,V76,3,père interdit (type 3)
V77,V77,3,père interdit (type 3)
V78,V78,3,père interdit (type 3)
V79,V79,3,père interdit (type 3)
V80,V80,3,père interdit (type 3)
V81,V81,3,père interdit (type 3)
V82,V82,3,père interdit (type 3)
V83,V83,3,père interdit (type 3)
V84,V84,3,père interdit (type 3)
V85,V85,3,père interdit (type 3)
V86,V86,3,père interdit (type 3)
V87,V87,3,père interdit (type 3)
V88,V88,3,père interdit (type 3)
V89,V89,3,père interdit (type 3)
V90,V90,3,père interdit (type 3)
V91,V91,3,père interdit (type 3)
V92,V92,3,père interdit (type 3)
V93,V93,3,père interdit (type 3)
V94,V94,3,père interdit (type 3)
V95,V95,3,père interdit (type 3)
V96,V96,3,père interdit (type 3)
V97,V97,3,père interdit (type 3)
W26,W26,3,père interdit (type 3)
X34,X34,3,père interdit (type 3)
X47,X47,3,père interdit (type 3)
X59,X59,3,père interdit (type 3)
X67,X67,3,père interdit (type 3)
X88,X88,3,père interdit (type 3)
Y06,Y06,3,père interdit (type 3)
Y07,Y07,3,père interdit (type 3)
Y17,Y17,3,père interdit (type 3)
Y35,Y35,3,père interdit (type 3)
Y36,Y36,3,père interdit (type 3)
Y40,Y40,3,père interdit (type 3)
Y41,Y41,3,père interdit (type 3)
Y42,Y42,3,père interdit (type 3)
Y43,Y43,3,père interdit (type 3)
Y44,Y44,3,père interdit (type 3)
Y45,Y45,3,père interdit (type 3)
Y46,Y46,3,père interdit (type 3)
Y47,Y47,3,père interdit (type 3)
Y48,Y48,3,père interdit (type 3)
Y49,Y49,3,père interdit (type 3)
Y50,Y50,3,père interdit (type 3)
Y51,Y51,3,père interdit (type 3)
Y52,Y52,3,père interdit (type 3)
Y53,Y53,3,père interdit (type 3)
Y54,Y54,3,père interdit (type 3)
Y55,Y55,3,père interdit (type 3)
Y56,Y56,3,père interdit (type 3)
Y57,Y57,3,père interdit (type 3)
Y58,Y58,3,père interdit (type 3)
Y59,Y59,3,père interdit (type 3)
Y60,Y60,3,père interdit (type 3)
Y61,Y61,3,père interdit (type 3)
Y62,Y62,3,père interdit (type 3)
Y63,Y63,3,père interdit (type 3)
Y64,Y64,3,père interdit (type 3)
Y65,Y65,3,père interdit (type 3)
Y70,Y70,3,père interdit (type 3)
Y71,Y71,3,père interdit (type 3)
Y72,Y72,3,père interdit (type 3)
Y73,Y73,3,père interdit (type 3)
Y74,Y74,3,père interdit (type 3)
Y75,Y75,3,père interdit (type 3)
Y76,Y76,3,père interdit (type 3)
Y77,Y77,3,père interdit (type 3)
Y78,Y78,3,père interdit (type 3)
Y79,Y79,3,père interdit (type 3)
Y80,Y80,3,père interdit (type 3)
Y81,Y81,3,père interdit (type 3)
Y82,Y82,3,père interdit (type 3)
Y83,Y83,3,père interdit (type 3)
Y84,Y84,3,père interdit (type 3)
Y85,Y85,3,père interdit (type 3)
Y87,Y87,3,père interdit (type 3)
Y88,Y88,3,père interdit (type 3)
Y89,Y89,3,père interdit (type 3)
Y90,Y90,3,père interdit (type 3)
Y91,Y91,3,père interdit (type 3)
Z00,Z00,3,père interdit (type 3)
Z01,Z01,3,père interdit (type 3)
Z02,Z02,3,père interdit (type 3)
Z03,Z03,3,père interdit (type 3)
Z04,Z04,3,père interdit (type 3)
Z04.8,Z048,3,père interdit (type 3)
Z08,Z08,3,père interdit (type 3)
Z09,Z09,3,père interdit (type 3)
Z10,Z10,3,père interdit (type 3)
Z11,Z11,3,père interdit (type 3)
Z12,Z12,3,père interdit (type 3)
Z13,Z13,3,père interdit (type 3)
Z13.5,Z135,3,père interdit (type 3)
Z20,Z20,3,père interdit (type 3)
Z22,Z22,3,père interdit (type 3)
Z23,Z23,3,père interdit (type 3)
Z24,Z24,3,père interdit (type 3)
Z25,Z25,3,père interdit (type 3)
Z26,Z26,3,père interdit (type 3)
Z27,Z27,3,père interdit (type 3)
Z28,Z28,3,père interdit (type 3)
Z29,Z29,3,père interdit (type 3)
Z30,Z30,3,père interdit (type 3)
Z31,Z31,3,père interdit (type 3)
Z31.8,Z318,3,père interdit (type 3)
Z32,Z32,3,père interdit (type 3)
Z34,Z34,3,père interdit (type 3)
Z35,Z35,3,père interdit (type 3)
Z36,Z36,3,père interdit (type 3)
Z37,Z37,3,père interdit (type 3)
Z37.0,Z370,1,autorisé MCO (type ≠ 3)
Z37.1,Z371,3,père interdit (type 3)
Z37.2,Z372,1,autorisé MCO (type ≠ 3)
Z37.3,Z373,3,père interdit (type 3)
Z37.4,Z374,3,père interdit (type 3)
Z37.5,Z375,1,autorisé MCO (type ≠ 3)
Z37.6,Z376,3,père interdit (type 3)
Z37.7,Z377,3,père interdit (type 3)
Z37.9,Z379,3,père interdit (type 3)
Z38,Z38,3,père interdit (type 3)
Z39,Z39,3,père interdit (type 3)
Z39.0,Z390,3,père interdit (type 3)
Z40,Z40,3,père interdit (type 3)
Z40.0,Z400,3,père interdit (type 3)
Z41,Z41,3,père interdit (type 3)
Z41.8,Z418,3,père interdit (type 3)
Z42,Z42,3,père interdit (type 3)
Z43,Z43,3,père interdit (type 3)
Z44,Z44,3,père interdit (type 3)
Z45,Z45,3,père interdit (type 3)
Z45.8,Z458,3,père interdit (type 3)
Z46,Z46,3,père interdit (type 3)
Z47,Z47,3,père interdit (type 3)
Z47.8,Z478,3,père interdit (type 3)
Z48,Z48,3,père interdit (type 3)
Z49,Z49,3,père interdit (type 3)
Z49.2,Z492,0,autorisé MCO (type ≠ 3)
Z50,Z50,3,père interdit (type 3)
Z51,Z51,3,père interdit (type 3)
Z51.0,Z510,3,père interdit (type 3)
Z51.3,Z513,0,autorisé MCO (type ≠ 3)
Z51.8,Z518,3,père interdit (type 3)
Z52,Z52,3,père interdit (type 3)
Z52.8,Z528,3,père interdit (type 3)
Z52.80,Z5280,3,père interdit (type 3)
Z53,Z53,3,père interdit (type 3)
Z54,Z54,3,père interdit (type 3)
Z55,Z55,3,père interdit (type 3)
Z55.0,Z550,3,père interdit (type 3)
Z56,Z56,3,père interdit (type 3)
Z57,Z57,3,père interdit (type 3)
Z58,Z58,3,père interdit (type 3)
Z59,Z59,3,père interdit (type 3)
Z59.1,Z591,3,père interdit (type 3)
Z59.5,Z595,3,père interdit (type 3)
Z59.6,Z596,3,père interdit (type 3)
Z59.7,Z597,3,père interdit (type 3)
Z60,Z60,3,père interdit (type 3)
Z60.2,Z602,3,père interdit (type 3)
Z60.3,Z603,3,père interdit (type 3)
Z61,Z61,3,père interdit (type 3)
Z62,Z62,3,père interdit (type 3)
Z63,Z63,3,père interdit (type 3)
Z64,Z64,3,père interdit (type 3)
Z65,Z65,3,père interdit (type 3)
Z70,Z70,3,père interdit (type 3)
Z71,Z71,3,père interdit (type 3)
Z72,Z72,3,père interdit (type 3)
Z73,Z73,3,père interdit (type 3)
Z74,Z74,3,père interdit (type 3)
Z75,Z75,3,père interdit (type 3)
Z75.8,Z758,3,père interdit (type 3)
Z76,Z76,3,père interdit (type 3)
Z76.8,Z768,3,père interdit (type 3)
Z80,Z80,3,père interdit (type 3)
Z80.0,Z800,3,père interdit (type 3)
Z80.2,Z802,3,père interdit (type 3)
Z80.8,Z808,3,père interdit (type 3)
Z81,Z81,3,père interdit (type 3)
Z82,Z82,3,père interdit (type 3)
Z83,Z83,3,père interdit (type 3)
Z83.5,Z835,3,père interdit (type 3)
Z83.7,Z837,3,père interdit (type 3)
Z84,Z84,3,père interdit (type 3)
Z84.2,Z842,3,père interdit (type 3)
Z84.8,Z848,3,père interdit (type 3)
Z85,Z85,3,père interdit (type 3)
Z85.0,Z850,3,père interdit (type 3)
Z85.2,Z852,3,père interdit (type 3)
Z85.8,Z858,3,père interdit (type 3)
Z86,Z86,3,père interdit (type 3)
Z86.0,Z860,3,père interdit (type 3)
Z86.6,Z866,3,père interdit (type 3)
Z86.7,Z867,3,père interdit (type 3)
Z87,Z87,3,père interdit (type 3)
Z87.0,Z870,3,père interdit (type 3)
Z87.1,Z871,3,père interdit (type 3)
Z87.4,Z874,3,père interdit (type 3)
Z87.8,Z878,3,père interdit (type 3)
Z88,Z88,3,père interdit (type 3)
Z89,Z89,3,père interdit (type 3)
Z90,Z90,3,père interdit (type 3)
Z91,Z91,3,père interdit (type 3)
Z91.5,Z915,3,père interdit (type 3)
Z92,Z92,3,père interdit (type 3)
Z93,Z93,3,père interdit (type 3)
Z94,Z94,3,père interdit (type 3)
Z94.8,Z948,3,père interdit (type 3)
Z94.80,Z9480,3,père interdit (type 3)
Z95,Z95,3,père interdit (type 3)
Z95.8,Z958,3,père interdit (type 3)
Z96,Z96,3,père interdit (type 3)
Z97,Z97,3,père interdit (type 3)
Z98,Z98,3,père interdit (type 3)
Z99,Z99,3,père interdit (type 3)
Z99.1,Z991,0,autorisé MCO (type ≠ 3)
Z99.2,Z992,0,autorisé MCO (type ≠ 3)
U04,U04,3,père interdit (type 3)
U07,U07,3,père interdit (type 3)
U07.1,U071,3,père interdit (type 3)
U08,U08,3,père interdit (type 3)
U09,U09,3,père interdit (type 3)
U10,U10,3,père interdit (type 3)
U11,U11,3,père interdit (type 3)
U12,U12,3,père interdit (type 3)
U82,U82,3,père interdit (type 3)
U82.0,U820,3,père interdit (type 3)
U82.1,U821,3,père interdit (type 3)
U82.10,U8210,3,père interdit (type 3)
U82.18,U8218,3,père interdit (type 3)
U82.2,U822,3,père interdit (type 3)
U82.8,U828,3,père interdit (type 3)
U82.9,U829,3,père interdit (type 3)
U83,U83,3,père interdit (type 3)
U83.0,U830,3,père interdit (type 3)
U83.1,U831,3,père interdit (type 3)
U83.2,U832,3,père interdit (type 3)
U83.7,U837,3,père interdit (type 3)
U83.70,U8370,3,père interdit (type 3)
U83.71,U8371,3,père interdit (type 3)
U83.78,U8378,3,père interdit (type 3)
U83.8,U838,3,père interdit (type 3)
U83.9,U839,3,père interdit (type 3)
U84,U84,3,père interdit (type 3)
U90,U90,3,père interdit (type 3)
