rec_id,millesime,localisation,situation,type,texte,condition,citation_fichier,citation_lignes,citation
GM2026-V-AVC-07,2026-provisoire,"Guide MCO, chap. V, pp. 78-81, article ACCIDENTS VASCULAIRES CÉRÉBRAUX",AVC — association d'un AIT et d'un AVC constitué,regle_association,Un code d'AIT (G45.–) et un code d'AVC constitué (I60–I64) ne peuvent être associés que s'il s'agit de deux épisodes distincts au cours du même séjour.,Deux épisodes distincts au cours du même séjour,avc.txt,L123-124,Un code d’AIT (G45.–) et un code d’AVC constitué (I60–I64) ne peuvent être associés que s’il s’agit de deux épisodes distincts au cours du même séjour.
GM2026-V-AVC-08,2026-provisoire,"Guide MCO, chap. V, pp. 78-81, article ACCIDENTS VASCULAIRES CÉRÉBRAUX",AVC à la phase aigüe — manifestations cliniques,regle_position,"Les manifestations cliniques de l'AVC sont codées comme diagnostics associés significatifs si elles en respectent la définition, le plus précisément possible et en employant les extensions ATIH prévues (hémiplégie G81.0–, aphasie et dysphasie R47.0–).",Respect de la définition du DAS,avc.txt,L126-129,"Les manifestations cliniques de l’AVC sont codées comme diagnostics associés significatifs (DAS) si elles en respectent la définition. Il importe de les coder le plus précisément possible et d’employer les extensions prévues pour certains codes (hémiplégie, dysphasie et aphasie : se reporter au point 2 supra)."
GM2026-V-AVC-09,2026-provisoire,"Guide MCO, chap. V, pp. 78-81, article ACCIDENTS VASCULAIRES CÉRÉBRAUX",AVC — syndromes des artères cérébrales G46.0 à G46.2,interdiction,"G46.0, G46.1 et G46.2 sont réservés aux syndromes neurologiques résultant d'une insuffisance circulatoire sans infarctus : ils ne peuvent pas être associés à un code d'infarctus cérébral. Cette association reste possible pour G46.3 à G46.8.",,avc.txt,L76-81,"la CIM–10 réserve les codes G46.0 à G46.2 […] à l’enregistrement de syndromes neurologiques résultant d’une insuffisance circulatoire sans infarctus […]. Ainsi, G46.0, G46.1 et G46.2 ne peuvent pas être associés à un code d’infarctus cérébral, alors que cette association est possible pour les codes G46.3 à G46.8."
GM2026-V-AVC-10,2026-provisoire,"Guide MCO, chap. V, pp. 78-81, article ACCIDENTS VASCULAIRES CÉRÉBRAUX",AVC — codage des séquelles,regle_position,"Le codage des séquelles donne la priorité aux manifestations cliniques observées, auxquelles on associe un code de la catégorie I69 Séquelles de maladies cérébrovasculaires.",,avc.txt,L89-92,"Leur codage donne la priorité aux manifestations cliniques observées, auxquelles on associe un code de la catégorie I69 Séquelles de maladies cérébrovasculaires."
GM2026-V-AVC-11,2026-provisoire,"Guide MCO, chap. V, pp. 78-81, article ACCIDENTS VASCULAIRES CÉRÉBRAUX",AVC — antécédent sans séquelle,condition_emploi,Z86.70 exclut par construction la notion de séquelle ; il doit être employé dès que l'AVC est considéré comme ancien et qu'il ne persiste aucune séquelle fonctionnelle.,"AVC ancien, aucune séquelle fonctionnelle persistante",avc.txt,L94-97,"Par construction de la CIM–10, la notion d’antécédent d’AVC, codée Z86.70, exclut celle de séquelle. Le code Z86.70 Antécédents personnels de maladies cérébrovasculaires doit être employé dès que l’AVC est considéré comme ancien et qu’il ne persiste aucune séquelle fonctionnelle."
GM2026-V-AVC-12,2026-provisoire,"Guide MCO, chap. V, pp. 78-81, article ACCIDENTS VASCULAIRES CÉRÉBRAUX",AVC — séjour pour poursuite des soins dans une autre unité ou un autre établissement,regle_position,"En cas de transfert dans un autre établissement de MCO, l'AVC peut être codé comme DP dans l'établissement d'accueil dès lors qu'il continue d'être le sujet des soins.",L'AVC continue d'être le sujet des soins,avc.txt,L152-155,"en cas de transfert dans un autre établissement de MCO après sortie d’unité neurovasculaire, l’AVC peut être codé comme DP dans l’autre établissement dès lors qu’il continue d’être le sujet des soins (situation clinique de traitement unique partagé […])."
GM2026-V-AVC-13,2026-provisoire,"Guide MCO, chap. V, pp. 78-81, article ACCIDENTS VASCULAIRES CÉRÉBRAUX",AVC — séjour pour aggravation ou complication (séjour distinct de la prise en charge initiale),regle_position,La manifestation ou la complication prise en charge est codée comme DP ; un code de séquelle d'AVC (I69) est placé en DAS.,Séjour distinct de celui de la prise en charge initiale,avc.txt,L157-166,"La manifestation ou la complication prise en charge est codée comme DP. Les exemples les plus fréquents sont les troubles de la marche ou l’aggravation de la spasticité (catégorie R26 […]), le syndrome dépressif (catégorie F32 […]), l’épilepsie (catégories G40 […] et G41 […]), la démence vasculaire (catégorie F01 […]). Un code de séquelle d’AVC (I69) est placé en DAS."
GM2026-V-AVC-14,2026-provisoire,"Guide MCO, chap. V, pp. 78-81, article ACCIDENTS VASCULAIRES CÉRÉBRAUX","AVC — surveillance au long cours avec séquelles, sans affection nouvelle",regle_position,"S'il n'est pas découvert d'affection nouvelle, le DP appartient au chapitre XXI ; un code de séquelle d'AVC (I69) est placé en DR et les manifestations séquellaires éventuelles sont codées comme DAS.",Aucune affection nouvelle découverte ; séquelles présentes,avc.txt,L176-180,S’il n’est pas découvert d’affection nouvelle le code du DP appartient au chapitre XXI de la CIM-10 […]. Un code de séquelle d’AVC (I69) est placé en DR et les manifestations séquellaires éventuelles sont codées comme DAS si elles en respectent la définition.
GM2026-V-AVC-15,2026-provisoire,"Guide MCO, chap. V, pp. 78-81, article ACCIDENTS VASCULAIRES CÉRÉBRAUX",AVC — surveillance dite positive (affection nouvelle liée à l'AVC),regle_position,"Si une affection nouvelle liée à l'AVC — complication de celui-ci ou de son traitement — est découverte, cette affection est le DP ; les manifestations séquellaires respectant la définition d'un DAS, complétées par un code de séquelle I69.–, sont enregistrées en position de diagnostics associés.",Découverte d'une affection nouvelle liée à l'AVC,avc.txt,L185-189,"Si une affection nouvelle liée à l’AVC, c’est-à-dire une complication de celui-ci ou de son traitement, est découverte (surveillance dite positive), cette affection est le DP. Les éventuelles manifestations séquellaires respectant la définition d’un DAS, complétées par un code de séquelle I69.–, sont enregistrées en position de diagnostics associés."
GM2026-V-AVC-16,2026-provisoire,"Guide MCO, chap. V, pp. 78-81, article ACCIDENTS VASCULAIRES CÉRÉBRAUX",AVC — séjour pour répit de la famille ou des aidants,regle_position,Le DP est codé Z74.2 Besoin d'assistance à domicile ou Z75.5 Prise en charge pendant les vacances ; un code de séquelle de maladie cérébrovasculaire (I69.–) est saisi en position de DAS.,,avc.txt,L199-202,Séjour pour répit de la famille ou des aidants : le DP est codé Z74.2 […] ou Z75.5 Prise en charge pendant les vacances. Un code de séquelle de maladie cérébrovasculaire (I69.–) est saisi en position de DAS.
GM2026-V-AVC-17,2026-provisoire,"Guide MCO, chap. V, pp. 78-81, article ACCIDENTS VASCULAIRES CÉRÉBRAUX",AVC — codage de l'étiologie,condition_emploi,L'étiologie ne peut être codée comme diagnostic associé que si elle en respecte la définition. Les étiologies sont classées dans des rubriques diverses de la CIM–10.,Respect de la définition du diagnostic associé,avc.txt,L143-144 et L85-87,"L’étiologie ne peut être codée comme diagnostic associé que si elle en respecte la définition. — Les étiologies des AVC sont classées dans des rubriques diverses de la CIM–10 ; par exemple la fibrillation auriculaire (I48), les malformations congénitales vasculaires cérébrales (Q28.–), l’athérosclérose cérébrale (I67.2), l’encéphalopathie hypertensive (I67.4), etc."
GM2026-V-AVC-18,2026-provisoire,"Guide MCO, chap. V, pp. 78-81, article ACCIDENTS VASCULAIRES CÉRÉBRAUX",AVC — codage des complications,condition_emploi,"Les complications sont codées comme DAS si elles en respectent la définition (par exemple inhalation, épilepsie, escarre, démence vasculaire).",Respect de la définition du DAS,avc.txt,L146-147,"Les complications sont codées comme DAS si elles en respectent la définition, par exemple, inhalation, épilepsie, escarre, démence vasculaire…"
GM2026-V-AVC-19,2026-provisoire,"Guide MCO, chap. V, pp. 78-81, article ACCIDENTS VASCULAIRES CÉRÉBRAUX",AVC constitué à la phase aigüe — périmètre des catégories,definition,"Le codage des AVC constitués fait appel, à la phase aigüe, aux catégories I60 à I63, qui excluent les lésions traumatiques. I60 inclut la rupture d'anévrisme d'artère cérébrale ; I62 inclut l'hémorragie sous-durale et extradurale ; I63 couvre les AVC ischémiques (embolie, thrombose, bas débit).",,avc.txt,L28-39,"Le codage des AVC constitués fait appel, à la phase aigüe, aux catégories I60 à I63 qui excluent les lésions traumatiques. […] I60 Hémorragie sous-arachnoïdienne ; cette catégorie inclut la rupture d’anévrisme d’artère cérébrale ; […] I62 […] cette catégorie inclut l’hémorragie sous-durale et extradurale. Les AVC par infarctus cérébral ou AVC ischémiques — embolie, thrombose, bas débit — sont codés avec la catégorie I63 Infarctus cérébral."
GM2026-V-AVC-20,2026-provisoire,"Guide MCO, chap. V, pp. 78-81, article ACCIDENTS VASCULAIRES CÉRÉBRAUX","AVC — extensions ATIH des manifestations (hémiplégie, aphasie)",definition,"G81.0 et R47.0 ont été subdivisés par l'ATIH en 2007 pour distinguer les symptômes selon leur moment d'apparition et leur évolution : G81.00, G81.01, G81.08 ; R47.00, R47.01, R47.02, R47.03. Les mêmes codes servent pour les parésies et les paralysies.",,avc.txt,L50-62,"À l’initiative de la Société française neurovasculaire, ces deux catégories ont fait l’objet d’extensions par l’ATIH en 2007 afin de distinguer les symptômes selon leur moment d’apparition et leur évolution : G81.0 Hémiplégie flasque est subdivisé en : G81.00 […], G81.01 […] et G81.08 […] ; on emploie les mêmes codes pour les parésies et les paralysies […] ; R47.0 Dysphasie et aphasie est subdivisé en : R47.00 […], R47.01 […], R47.02 […], R47.03 Dysphasie."
GM2026-V-D62-03,2026-provisoire,"Guide MCO, chap. V, pp. 81-82, article ANÉMIE POSTHÉMORRAGIQUE AIGÜE APRÈS UNE INTERVENTION",Anémie postopératoire — seuils biologiques de la discussion,definition,"La question de l'emploi de D62 se pose devant un hémogramme postopératoire prouvant une chute de l'hémoglobine en deçà de 13 g/dL chez l'homme, 12 g/dL chez la femme (11 g/dL chez la femme enceinte), chez un adulte jusqu'alors non anémié.",Adulte jusqu'alors non anémié,anemie_posthemorragique_d62.txt,L53-57,"L’emploi du code D62 Anémie posthémorragique aigüe pour mentionner la constatation d’une anémie postopératoire se discute devant un résultat d’hémogramme postopératoire prouvant la chute de l’hémoglobine en deçà de 13 grammes par décilitre chez l’homme, 12 grammes par décilitre chez la femme (11 grammes par décilitre chez la femme enceinte), chez un adulte jusqu’alors non anémié."
GM2026-V-DEN-01,2026-provisoire,"Guide MCO, chap. V, pp. 109-114, article MALNUTRITION, DÉNUTRITION",Dénutrition de l'enfant (< 18 ans) — choix du code selon la sévérité,regle_position,"Une dénutrition sévère se code E43 Malnutrition protéino-énergétique grave, sans précision ; une dénutrition modérée se code E44.0 Malnutrition protéino-énergétique modérée.",Patient de moins de 18 ans ; diagnostic de dénutrition posé (au moins 1 critère phénotypique ET 1 critère étiologique),malnutrition_denutrition.txt,L118-121,"1.3 Consigne — Une dénutrition sévère se code E43 Malnutrition protéino-énergétique grave, sans précision, une dénutrition modérée se code E44.0 Malnutrition protéino-énergétique modérée."
GM2026-V-DEN-02,2026-provisoire,"Guide MCO, chap. V, pp. 109-114, article MALNUTRITION, DÉNUTRITION",Dénutrition de l'adulte (≥ 18 et < 70 ans) — choix du code selon la sévérité,regle_position,Une dénutrition sévère se code E43 ; une dénutrition modérée se code E44.0.,Patient de 18 à moins de 70 ans ; diagnostic de dénutrition posé,malnutrition_denutrition.txt,L176-179,"2.3 Consigne — Une dénutrition sévère se code E43 Malnutrition protéino-énergétique grave, sans précision, une dénutrition modérée se code E44.0 Malnutrition protéino-énergétique modérée."
GM2026-V-DEN-03,2026-provisoire,"Guide MCO, chap. V, pp. 109-114, article MALNUTRITION, DÉNUTRITION",Dénutrition de la personne âgée (≥ 70 ans) — choix du code selon la sévérité,regle_position,Une dénutrition sévère se code E43 ; une dénutrition modérée se code E44.0.,Patient de 70 ans et plus ; diagnostic de dénutrition posé,malnutrition_denutrition.txt,L237-239,"3.3. Consigne — Une dénutrition sévère se code E43 Malnutrition protéino-énergétique grave, sans précision, une dénutrition modérée se code E44.0 Malnutrition protéino-énergétique modérée."
GM2026-V-DEN-04,2026-provisoire,"Guide MCO, chap. V, pp. 109-114, article MALNUTRITION, DÉNUTRITION",Emploi des codes E40 à E46 — exigence documentaire,condition_emploi,L'emploi des codes E40 à E46 doit se fonder sur les critères HAS et nécessite que le dossier comporte la mention de dénutrition. Cette mention peut être indiquée par un clinicien ou par un diététicien.,Mention de dénutrition présente au dossier,malnutrition_denutrition.txt,L244-246,L’emploi des codes E40 à E46 doit se fonder sur ces critères et nécessite que le dossier comporte la mention de dénutrition. Cette mention peut être indiquée par un clinicien ou par un diététicien.
GM2026-V-DEN-05,2026-provisoire,"Guide MCO, chap. V, pp. 109-114, article MALNUTRITION, DÉNUTRITION","Emploi des codes E40, E41 et E42 en France",condition_emploi,"L'emploi des catégories E40 Kwashiorkor, E41 Marasme nutritionnel et E42 Kwashiorkor avec marasme ne peut être qu'exceptionnel en France.",,malnutrition_denutrition.txt,L64-65 (note 57) et L272-273 (note 62),"Les codes E40, E41 et E42 ne peuvent connaître qu’un emploi exceptionnel en France. — Pour mémoire l’emploi des catégories E40, E41 et E42 ne peut être qu’exceptionnel en France."
GM2026-V-DEN-06,2026-provisoire,"Guide MCO, chap. V, pp. 109-114, article MALNUTRITION, DÉNUTRITION",Détermination du niveau de sévérité,condition_emploi,"Le code est déterminé en fonction des critères correspondant aux définitions HAS retrouvés au dossier, sans que le niveau de sévérité doive nécessairement être mentionné dans le dossier — bien qu'il soit recommandé qu'il le soit.",,malnutrition_denutrition.txt,L250-253,"Le code CIM10 est déterminé en fonction des critères correspondant aux définitions publiées par la HAS et retrouvés au dossier, sans que le niveau de sévérité ne doive nécessairement être mentionné dans le dossier. Il est toutefois recommandé que ce niveau soit explicitement mentionné."
GM2026-V-DEN-07,2026-provisoire,"Guide MCO, chap. V, pp. 109-114, article MALNUTRITION, DÉNUTRITION",Coexistence de critères de sévérité différents (adulte 18-70 ans),regle_association,"Lors de l'observation simultanée d'un seul critère de dénutrition sévère et d'un ou plusieurs critères de dénutrition modérée, il est recommandé de poser un diagnostic de dénutrition sévère.","Coexistence d'un critère sévère et de critères modérés ; portée limitée à la section « adulte ≥ 18 et < 70 ans » du guide (non généralisée aux trois tranches d'âge, décision RF 2026-08-14)",malnutrition_denutrition.txt,L172-174,"Lors de l’observation simultanée d’un seul critère de dénutrition sévère et d’un ou plusieurs critères de dénutrition modérée, il est recommandé de poser un diagnostic de dénutrition sévère."
GM2026-V-DEN-08,2026-provisoire,"Guide MCO, chap. V, pp. 109-114, article MALNUTRITION, DÉNUTRITION",Périmètre du terme « malnutrition » dans la CIM-10,definition,"La CIM–10 range sous le terme générique de malnutrition un groupe d'affections résultant d'une carence d'apport ou d'une désassimilation protéinoénergétique : on doit donc l'entendre au sens restreint de dénutrition. Le groupe est E40–E46, auquel s'ajoute O25 Malnutrition au cours de la grossesse.",,malnutrition_denutrition.txt,"L40-43, L66-67 (note 58), L68-70 (note 59)","Elle range sous le terme générique de malnutrition un groupe d’affections résultant d’une carence d’apport ou d’une désassimilation protéinoénergétique : on doit donc l’entendre dans le sens restreint de dénutrition. — Auxquels s’ajoute O25 Malnutrition au cours de la grossesse. — Cet anglicisme désigne de fait tout trouble lié à un déséquilibre alimentaire, aussi bien en défaut qu’en excès."
GM2026-V-DEN-10,2026-provisoire,"Guide MCO, chap. V, pp. 109-114, article MALNUTRITION, DÉNUTRITION",Critères de dénutrition modérée chez l'enfant (< 18 ans),definition,"Dénutrition modérée avant 18 ans : courbe IOTF 17 < IMC < courbe IOTF 18,5 ; perte de poids ≥ 5 % et ≤ 10 % en 1 mois ou ≥ 10 % et ≤ 15 % en 6 mois par rapport au poids habituel avant le début de la maladie ; stagnation pondérale aboutissant à un poids situé entre 2 et 3 couloirs en dessous du couloir habituel. Un seul critère suffit dès lors que la dénutrition est présente.",Patient de moins de 18 ans ; dénutrition déjà établie,malnutrition_denutrition.txt,L91-101,"1.1 Les critères de dénutrition modérée chez les patients âgés de moins de 18 ans — courbe IOTF 17 < IMC < courbe IOTF 18,5 ; perte de poids ≥ 5 % et ≤ 10 % en 1 mois ou ≥ 10 % et ≤ 15 % en 6 mois par rapport au poids habituel avant le début de la maladie ; stagnation pondérale aboutissant à un poids situé entre 2 et 3 couloirs en dessous du couloir habituel. L’observation d’un seul critère de dénutrition modérée suffit pour poser le diagnostic de dénutrition modérée dès lors que la dénutrition est présente."
GM2026-V-DEN-11,2026-provisoire,"Guide MCO, chap. V, pp. 109-114, article MALNUTRITION, DÉNUTRITION",Critères de dénutrition sévère chez l'enfant (< 18 ans),definition,Dénutrition sévère avant 18 ans : IMC ≤ courbe IOTF 17 ; perte de poids > 10 % en 1 mois ou > 15 % en 6 mois ; stagnation pondérale aboutissant à un poids situé au moins 3 couloirs en dessous du couloir habituel ; infléchissement statural avec perte d'au moins un couloir. Un seul critère suffit dès lors que la dénutrition est présente.,Patient de moins de 18 ans ; dénutrition déjà établie,malnutrition_denutrition.txt,L104-115,1.2 Les critères de dénutrition sévère chez les patients âgés de moins de 18 ans — IMC ≤ courbe IOTF 17 ; perte de poids > 10 % en 1 mois ou > 15 % en 6 mois par rapport au poids habituel avant le début de la maladie ; stagnation pondérale aboutissant à un poids situé au moins 3 couloirs (représentant 3 écart-types) en dessous du couloir habituel ; infléchissement statural (avec perte d’au moins un couloir par rapport à la taille habituelle). L’observation d’un seul critère de dénutrition sévère suffit à qualifier la dénutrition de sévère dès lors que la dénutrition est présente.
GM2026-V-DEN-12,2026-provisoire,"Guide MCO, chap. V, pp. 109-114, article MALNUTRITION, DÉNUTRITION",Critères de dénutrition modérée chez l'adulte (≥ 18 et < 70 ans),definition,"Dénutrition modérée de 18 à 70 ans : 17 < IMC < 18,5 kg/m² ; perte de poids ≥ 5 % en 1 mois ou ≥ 10 % en 6 mois ou ≥ 10 % par rapport au poids habituel ; albuminémie > 30 g/L et < 35 g/L, quel que soit l'état inflammatoire. Un seul critère suffit dès lors que la dénutrition est présente.",Patient de 18 à moins de 70 ans ; dénutrition déjà établie,malnutrition_denutrition.txt,L146-156,"2.1 Les critères de dénutrition modérée chez l’adulte (≥ 18 ans et < 70 ans) — 17 < IMC < 18,5 kg/m2 ; perte de poids ≥ 5 % en 1 mois ou ≥ 10 % en 6 mois ou ≥ 10 % par rapport au poids habituel avant le début de la maladie ; mesure de l’albuminémie par immunonéphélémétrie ou immunoturbidimétrie >30 g/L et < 35 g/L. Les seuils d’albuminémie sont à prendre en compte quel que soit l’état inflammatoire."
GM2026-V-DEN-13,2026-provisoire,"Guide MCO, chap. V, pp. 109-114, article MALNUTRITION, DÉNUTRITION",Critères de dénutrition sévère chez l'adulte (≥ 18 et < 70 ans),definition,"Dénutrition sévère de 18 à 70 ans : IMC ≤ 17 kg/m² ; perte de poids ≥ 10 % en 1 mois ou ≥ 15 % en 6 mois ou ≥ 15 % par rapport au poids habituel ; albuminémie ≤ 30 g/L, quel que soit l'état inflammatoire. Un seul critère suffit dès lors que la dénutrition est présente.",Patient de 18 à moins de 70 ans ; dénutrition déjà établie,malnutrition_denutrition.txt,L159-170,2.2 Les critères de dénutrition sévère chez l’adulte (≥ 18 ans et < 70 ans) — IMC ≤ 17 kg/m2 ; perte de poids ≥ 10 % en 1 mois ou ≥ 15 % en 6 mois ou ≥ 15 % par rapport au poids habituel avant le début de la maladie ; mesure de l’albuminémie par immunonéphélémétrie ou immunoturbidimétrie ≤ 30g/L. Les seuils d’albuminémie sont à prendre en compte quel que soit l’état inflammatoire.
GM2026-V-DEN-14,2026-provisoire,"Guide MCO, chap. V, pp. 109-114, article MALNUTRITION, DÉNUTRITION",Critères de dénutrition modérée chez la personne âgée (≥ 70 ans),definition,Dénutrition modérée à partir de 70 ans : 20 ≤ IMC < 22 ; perte de poids ≥ 5 % et < 10 % en 1 mois ou ≥ 10 % et < 15 % en 6 mois ou ≥ 10 % et < 15 % par rapport au poids habituel ; albuminémie > 30 g/L. Un seul critère suffit dès lors que la dénutrition est présente.,Patient de 70 ans et plus ; dénutrition déjà établie,malnutrition_denutrition.txt,L209-217,3.1 Les critères de dénutrition modérée chez les patients âgés de 70 ans et plus — 20 ≤ IMC < 22 ; perte de poids ≥ 5 % et < 10 % en 1 mois ou ≥ 10 % et < 15 % en 6 mois ou ≥ 10 % et < 15 % par rapport au poids habituel avant le début de la maladie ; mesure de l’albuminémie par immunonéphélémétrie ou immunoturbidimétrie > 30 g/L.
GM2026-V-DEN-15,2026-provisoire,"Guide MCO, chap. V, pp. 109-114, article MALNUTRITION, DÉNUTRITION",Critères de dénutrition sévère chez la personne âgée (≥ 70 ans),definition,Dénutrition sévère à partir de 70 ans : IMC < 20 kg/m² ; perte de poids ≥ 10 % en 1 mois ou ≥ 15 % en 6 mois ou ≥ 15 % par rapport au poids habituel ; albuminémie ≤ 30 g/L. Un seul critère suffit dès lors que la dénutrition est présente.,Patient de 70 ans et plus ; dénutrition déjà établie,malnutrition_denutrition.txt,L228-236,3.2. Les critères de dénutrition sévère chez les patients âgés de 70 ans et plus — IMC < 20 kg/m2 ; Perte de poids ≥ 10 % en 1 mois ou ≥ 15 % en 6 mois ou ≥ 15 % par rapport au poids habituel avant le début de la maladie ; mesure de l’albuminémie par immunonéphélémétrie ou immunoturbidimétrie ≤ 30 g/L.
GM2026-V-DEN-16,2026-provisoire,"Guide MCO, chap. V, pp. 109-114, article MALNUTRITION, DÉNUTRITION",Diagnostic de dénutrition — critères phénotypiques et étiologiques requis,definition,"Le diagnostic de dénutrition nécessite au moins 1 critère phénotypique ET 1 critère étiologique ; il est un préalable obligatoire avant de juger de la sévérité et repose exclusivement sur des critères non biologiques. Les critères étiologiques sont identiques aux trois âges : réduction de la prise alimentaire ≥ 50 % pendant plus d'1 semaine (ou toute réduction pendant plus de 2 semaines) ; absorption réduite (malabsorption, maldigestion) ; situation d'agression (pathologie aiguë, chronique évolutive ou maligne évolutive). Les critères phénotypiques varient avec l'âge — perte de poids, IMC (seuils IOTF avant 18 ans, 18,5 kg/m² de 18 à 70 ans, 22 kg/m² au-delà), réduction de la masse ou de la fonction musculaires, sarcopénie confirmée après 70 ans.",,malnutrition_denutrition.txt,"L48-52, L57-89, L126-143, L187-205","Pour les patients de moins de 70 ans, le diagnostic de la dénutrition nécessite la présence d’au moins 1 critère phénotypique et 1 critère étiologique. Ce diagnostic est un préalable obligatoire avant de juger de sa sévérité. Il repose exclusivement sur des critères non biologiques. — Les critères étiologiques sont les suivants : réduction de la prise alimentaire ≥ 50 % pendant plus d’1 semaine, ou toute réduction des apports pendant plus de 2 semaines […] ; absorption réduite (malabsorption/maldigestion) ; situation d’agression (hypercatabolisme protéique avec ou sans syndrome inflammatoire) : pathologie aiguë ou pathologie chronique évolutive ou pathologie maligne évolutive."
GM2026-V-DEN-17,2026-provisoire,"Guide MCO, chap. V, pp. 109-114, article MALNUTRITION, DÉNUTRITION, §4.1",Dénutrition — seuils d'évaluation de la masse et de la fonction musculaires,definition,"Le critère phénotypique de réduction de la masse ou de la fonction musculaires s'apprécie par l'une des six méthodes suivantes, une seule suffisant : force de préhension au dynamomètre (< 26 kg chez l'homme, < 16 kg chez la femme) ; vitesse de marche (< 0,8 m/s dans les deux sexes) ; indice de surface musculaire en L3 au scanner ou en IRM (52,4 chez l'homme, 38,5 chez la femme, en cm²/m²) ; indice de masse musculaire par impédancemétrie (7,0 et 5,7 kg/m²) ; indice de masse non grasse par impédancemétrie (< 17 et < 15 kg/m²) ; masse musculaire appendiculaire au DEXA (7,23 et 5,67 kg/m²).",,malnutrition_denutrition.md,L165-176,"#### 4.1 Outil d’évaluation de la masse et/ou de la fonction musculaire — | Méthodes de mesure | Hommes | Femmes | | Force de préhension (dynamomètre) en kg | < 26 | < 16 | | Vitesse de marche (m/s) | < 0,8 | < 0,8 | | Indice de surface musculaire en L3 en cm²/m² (scanner, IRM) | 52,4 | 38,5 | | Indice de masse musculaire en kg/m² (impédancemétrie) | 7,0 | 5,7 | | Indice de masse non grasse (impédancemétrie) en kg/m² | < 17 | < 15 | | Masse musculaire appendiculaire (DEXA) en kg/m² | 7,23 | 5,67 | — L’utilisation d’une seule de ces méthodes suffit"
GM2026-V-XXI-01,2026-provisoire,"Guide MCO, chap. V, pp. 93-103, article EMPLOI DES CODES DU CHAPITRE XXI DE LA CIM-10",Emploi général des codes du chapitre XXI,definition,"Les codes du chapitre XXI (« codes Z ») peuvent, et souvent doivent, être utilisés dans le RUM comme diagnostic principal, relié ou associé.",,chapitre_xxi.txt,L39-42,"Les codes du chapitre XXI Facteurs influant sur l’état de santé et motifs de recours aux services de santé (""codes Z"") peuvent, et souvent doivent, être utilisés dans le résumé d’unité médicale (RUM) comme diagnostic principal (DP), relié (DR) ou associé (DA)."
GM2026-V-XXI-02,2026-provisoire,"Guide MCO, chap. V, pp. 93-103, article EMPLOI DES CODES DU CHAPITRE XXI DE LA CIM-10",Z00–Z02 — motifs relevant de l'activité externe,condition_emploi,"Les catégories Z00 à Z02 répertorient des motifs de recours qui relèvent, sauf exception, de l'activité externe ; les patients concernés ne se plaignent de rien et aucun diagnostic n'est rapporté.",,chapitre_xxi.txt,L54-62,"Elles répertorient des motifs de recours qui relèvent, sauf exception, de l’activité externe. […] Les patients concernés ne se plaignent de rien et aucun diagnostic n’est rapporté (sinon c’est la symptomatologie ou le diagnostic qu’on coderait)."
GM2026-V-XXI-03,2026-provisoire,"Guide MCO, chap. V, pp. 93-103, article EMPLOI DES CODES DU CHAPITRE XXI DE LA CIM-10",Z03 — suspicions non confirmées,condition_emploi,"Les cas où l'emploi de Z03 s'impose sont rares : lorsqu'une symptomatologie est présente, on préfère son code (le plus souvent du chapitre XVIII) toutes les fois qu'il est plus précis. Z03.6 reste adapté à une suspicion d'absorption de produit toxique reposant sur une crainte de l'entourage, finalement infirmée.",Absence de symptomatologie codable plus précise,chapitre_xxi.txt,L86-95,"La règle générale est : le meilleur code est le plus précis par rapport à l’information à coder. Lorsqu’une symptomatologie est présente, on préfèrera son code (le plus souvent présent dans le chapitre XVIII de la CIM–10) à un code Z toutes les fois qu’il est plus précis. Les cas dans lesquels l’emploi de la catégorie Z03 s’impose sont rares. […] En revanche, Z03.6 […] peut être le code le plus adapté à une suspicion d’absorption de produit toxique […] lorsqu’elle repose sur une crainte de l’entourage mais qu’elle est finalement infirmée."
GM2026-V-XXI-04,2026-provisoire,"Guide MCO, chap. V, pp. 93-103, article EMPLOI DES CODES DU CHAPITRE XXI DE LA CIM-10",Z04.0 — alcool et substances pharmacologiques,condition_emploi,"Z04.0 est employé lorsque la présence dans le sang d'alcool ou de substances pharmacologiques n'est pas confirmée ; si elle l'est, on fait appel à la catégorie R78.",Présence non confirmée,chapitre_xxi.txt,L99-101,"de la présence dans le sang d’alcool ou de substances pharmacologiques ; le code Z04.0 est employé lorsque leur présence n’est pas confirmée, sinon on ferait appel à la catégorie R78."
GM2026-V-XXI-05,2026-provisoire,"Guide MCO, chap. V, pp. 93-103, article EMPLOI DES CODES DU CHAPITRE XXI DE LA CIM-10",Z04.1 à Z04.3 — suspicion de lésion secondaire,condition_emploi,L'emploi de Z04.1 à Z04.3 est réservé aux situations dans lesquelles aucune lésion n'est finalement diagnostiquée.,Aucune lésion finalement diagnostiquée,chapitre_xxi.txt,L102-105,d’une lésion susceptible de se manifester secondairement par rapport au traumatisme responsable : codes Z04.1 à Z04.3 ; leur emploi est réservé aux situations dans lesquelles aucune lésion n’est finalement diagnostiquée (sinon c’est elle qu’on coderait)
GM2026-V-XXI-06,2026-provisoire,"Guide MCO, chap. V, pp. 93-103, article EMPLOI DES CODES DU CHAPITRE XXI DE LA CIM-10",Z04.4 à Z04.6 — problèmes médicolégaux,condition_emploi,Z04.4 et Z04.5 peuvent être utilisés autant pour les coupables que pour les victimes ; on les emploie lorsqu'aucun état morbide n'est mis en évidence.,Aucun état morbide mis en évidence,chapitre_xxi.txt,L106-110,"d’autres problèmes médicolégaux : Z04.4, Z04.5, Z04.6 ; les codes Z04.4 et Z04.5 peuvent être utilisés autant pour les coupables que pour les victimes : on les emploie lorsque aucun état morbide (lésion traumatique, trouble mental…) n’est mis en évidence, sinon c’est lui qu’on coderait."
GM2026-V-XXI-07,2026-provisoire,"Guide MCO, chap. V, pp. 93-103, article EMPLOI DES CODES DU CHAPITRE XXI DE LA CIM-10","Z04.800, Z04.801, Z04.802 — codes imposés en DP",regle_position,Z04.800 (électroencéphalogramme de longue durée) et Z04.801 (enregistrement polygraphique) sont les codes imposés pour le DP de ces séjours ; Z04.802 code les bilans préopératoires ou préinterventionnels. Leur emploi s'impose comme DP qu'une affection ait été diagnostiquée ou non au terme du séjour.,,chapitre_xxi.txt,L116-126,"Z04.800 est le code imposé pour le DP des séjours motivés par l’enregistrement d’un électroencéphalogramme de longue durée ; Z04.801 est le code imposé pour le DP des séjours motivés par un enregistrement polygraphique ; Z04.802 est le code des examens et mises en observation pour bilan préopératoire ou préinterventionnel ; Z04.880 […]. L’emploi de Z04.800, Z04.801 ou Z04.802 s’impose comme DP du RUM, qu’une affection ait été diagnostiquée ou non au terme du séjour."
GM2026-V-XXI-08,2026-provisoire,"Guide MCO, chap. V, pp. 93-103, article EMPLOI DES CODES DU CHAPITRE XXI DE LA CIM-10",Z04.8 — devenu inutilisable depuis ses extensions,interdiction,"Depuis la création de ses extensions (version 11 des GHM), Z04.8 est devenu imprécis et n'est plus utilisable comme DP, DR ni DA ; l'emploi des extensions est obligatoire.",,chapitre_xxi.txt,L133-136 (note 25),"Elles ont été créées pour la version 11 des GHM (2009). Leur emploi est obligatoire. En effet, Z04.8, devenu imprécis du fait de leur création, n’est plus utilisable comme DP, DR et DA à compter de la version 11 des GHM."
GM2026-V-XXI-09,2026-provisoire,"Guide MCO, chap. V, pp. 93-103, article EMPLOI DES CODES DU CHAPITRE XXI DE LA CIM-10",Z04.9 — information trop imprécise,interdiction,Z04.9 correspond à une information trop imprécise pour être acceptable.,,chapitre_xxi.txt,L128,Z04.9 correspond à une information trop imprécise pour être acceptable.
GM2026-V-XXI-10,2026-provisoire,"Guide MCO, chap. V, pp. 93-103, article EMPLOI DES CODES DU CHAPITRE XXI DE LA CIM-10",Z03 ou Z04 en DP — pas de diagnostic relié,interdiction,"Lorsqu'un code des catégories Z03 ou Z04 est en position de DP, sauf cas particulier, il ne justifie pas de diagnostic relié.",Sauf cas particulier,chapitre_xxi.txt,L130-131,"Lorsqu’un code des catégories Z03 ou Z04 est en position de DP, sauf cas particulier, il ne justifie pas de diagnostic relié (DR)."
GM2026-V-XXI-11,2026-provisoire,"Guide MCO, chap. V, pp. 93-103, article EMPLOI DES CODES DU CHAPITRE XXI DE LA CIM-10",Z08 ou Z09 en DP — maladie surveillée en DR,regle_position,"Lorsqu'un code des catégories Z08 ou Z09 est en position de DP, le code de la maladie surveillée doit figurer en position de DR chaque fois qu'elle respecte sa définition. Ces codes sont typiquement des codes de surveillance négative.",La maladie surveillée respecte la définition du DR,chapitre_xxi.txt,L154-156,"Lorsqu’un code des catégories Z08 ou Z09 est en position de DP, le code de la maladie surveillée doit figurer en position de DR chaque fois qu’elle respecte sa définition."
GM2026-V-XXI-12,2026-provisoire,"Guide MCO, chap. V, pp. 93-103, article EMPLOI DES CODES DU CHAPITRE XXI DE LA CIM-10",Z08.2 et Z09.2 — sens du mot « chimiothérapie »,definition,Le mot « chimiothérapie » n'a pas dans la CIM–10 le sens implicite de « chimiothérapie antitumorale » qu'il a dans le langage courant : il a son sens premier de « traitement par des moyens chimiques ». Seule Z08 concerne les tumeurs malignes.,,chapitre_xxi.txt,L148-153,"Z08.2 et Z09.2 : l’intitulé de ces deux sous-catégories contient le mot ""chimiothérapie"" alors que seule Z08 concerne les tumeurs malignes ; on rappelle en effet que le mot chimiothérapie n’a pas dans la CIM–10 le sens implicite de ""chimiothérapie antitumorale"" qui est le sien dans le langage courant ; il a son sens premier de ""traitement par des moyens chimiques""."
GM2026-V-XXI-13,2026-provisoire,"Guide MCO, chap. V, pp. 93-103, article EMPLOI DES CODES DU CHAPITRE XXI DE LA CIM-10",Z10 — sans emploi en MCO,interdiction,La catégorie Z10 n'a pas d'emploi dans le champ d'activité couvert par le PMSI en MCO : elle ne comprend que des motifs de consultation externe.,,chapitre_xxi.txt,L158-161,Elle n’a pas d’emploi dans le champ d’activité couvert par le PMSI en MCO car elle ne comprend que des motifs de consultation externe dont certains ne concernent pas les établissements d’hospitalisation.
GM2026-V-XXI-14,2026-provisoire,"Guide MCO, chap. V, pp. 93-103, article EMPLOI DES CODES DU CHAPITRE XXI DE LA CIM-10",Z11 à Z13 — le dépistage n'est pas l'exploration d'un problème personnel,interdiction,"Les codes Z11 à Z13 ne doivent pas être employés pour des patients présentant un problème de santé personnel. Il est erroné de coder comme un dépistage une situation d'examens motivés par un antécédent personnel ou familial, ou par une symptomatologie quelconque : c'est le motif des explorations qui doit être codé.",Patient présentant un problème de santé personnel,chapitre_xxi.txt,L163-176,Les codes des catégories Z11 à Z13 ne doivent donc pas être employés pour des patients présentant un problème de santé personnel. Il est erroné de coder comme un dépistage une situation d’examens diagnostiques motivés par un antécédent personnel ou familial […] ou par une symptomatologie quelconque […]. Dans ce cas c’est le motif des explorations qui doit être codé.
GM2026-V-XXI-15,2026-provisoire,"Guide MCO, chap. V, pp. 93-103, article EMPLOI DES CODES DU CHAPITRE XXI DE LA CIM-10",Z13.51 — dépistage de la surdité néonatale permanente,regle_position,Z13.51 doit être systématiquement codé en DAS lorsqu'un dépistage de la surdité néonatale permanente (test et éventuel retest) est réalisé par OEAA ou PEAA lors d'un séjour de nouveau-né.,Dépistage réalisé par OEAA ou PEAA lors d'un séjour de nouveau-né,chapitre_xxi.txt,L177-184,"le code Z13.51 Examen spécial de dépistage des affections des oreilles doit être systématiquement codé en DAS lorsqu’un dépistage (test et éventuel retest) de la surdité néonatale permanente est réalisé, selon les recommandations de la HAS, par oto-émissions acoustiques automatisées (OEAA) ou par potentiels évoqués auditifs automatisés (PEAA)."
GM2026-V-XXI-16,2026-provisoire,"Guide MCO, chap. V, pp. 93-103, article EMPLOI DES CODES DU CHAPITRE XXI DE LA CIM-10",Z20 — contact avec une maladie transmissible non confirmée,condition_emploi,"Z20 permet de coder l'absence d'une maladie infectieuse initialement crainte du fait d'un contact ou de toute autre exposition ; si la maladie était confirmée, c'est elle qu'on coderait. L'exemple du guide précise qu'en l'absence de symptôme il n'y a pas lieu d'employer un code du chapitre XVIII, ni de coder la maladie crainte avec le chapitre I.",Maladie infectieuse non confirmée,chapitre_xxi.txt,L187-213,"elle permet de coder l’absence d’une maladie infectieuse initialement crainte du fait du contact du patient avec une personne infectée ou de tout autre mode d’exposition à un agent infectieux […] ; en effet, si la maladie infectieuse était confirmée, c’est elle qu’on coderait. […] cet enfant n’est pas tuberculeux : on ne code donc pas cette maladie (elle ne doit pas être codée avec le chapitre I de la CIM–10) ; il ne présente aucun symptôme […] : il n’y a donc pas lieu d’utiliser un code du chapitre XVIII. Le code est ici Z20.1."
GM2026-V-XXI-17,2026-provisoire,"Guide MCO, chap. V, pp. 93-103, article EMPLOI DES CODES DU CHAPITRE XXI DE LA CIM-10",Z21 — séropositivité VIH isolée,condition_emploi,"Z21 code la séropositivité isolée au VIH. Si la séropositivité s'associe à l'un des états classés dans les catégories B20 à B24, c'est un code de celles-ci qu'on emploie, non Z21.",Séropositivité isolée,chapitre_xxi.txt,L215-217,"Z21 est le code de la séropositivité isolée au virus de l’immunodéficience humaine (VIH). Si la séropositivité s’associe à l’un des états classés dans les catégories B20 à B24 du chapitre I de la CIM–10, c’est un code de celles-ci qu’on emploie, non Z21."
GM2026-V-XXI-18,2026-provisoire,"Guide MCO, chap. V, pp. 93-103, article EMPLOI DES CODES DU CHAPITRE XXI DE LA CIM-10",Z22 — colonisations et portages sains,definition,"La catégorie Z22, dans la suite logique de Z21, est la catégorie des colonisations (« portages sains »).",,chapitre_xxi.txt,L219-220,"La catégorie Z22, dans la suite logique de Z21, est la catégorie des colonisations ("" portages sains "") : bactéries…"
GM2026-V-XXI-19,2026-provisoire,"Guide MCO, chap. V, pp. 93-103, article EMPLOI DES CODES DU CHAPITRE XXI DE LA CIM-10","Z29.0 — isolement thérapeutique, non social",condition_emploi,"Z29.0 n'est pas destiné au classement des situations d'isolement social, qui se codent avec Z60 ; il code l'isolement dans un but thérapeutique. Son emploi est autorisé dans toutes les situations où un patient est isolé pour être mis à l'abri de l'entourage ou pour l'en protéger.",,chapitre_xxi.txt,L222-231,"la sous-catégorie Z29.0 Isolement n’est pas destinée au classement des situations d’isolement social qui doivent être codées avec la catégorie Z60 ; le code Z29.0 est destiné au codage de l’isolement dans un but thérapeutique […]. Bien que la catégorie Z29 soit classée dans un groupe (Z20–Z29) qui concerne les maladies infectieuses, l’absence d’un autre code d’isolement dans le chapitre XXI conduit à autoriser l’emploi de Z29.0 dans toutes les situations où un patient est isolé."
GM2026-V-XXI-20,2026-provisoire,"Guide MCO, chap. V, pp. 93-103, article EMPLOI DES CODES DU CHAPITRE XXI DE LA CIM-10",Z29.1 et Z29.2 — immunothérapie et chimiothérapie prophylactiques,condition_emploi,"Z29.1 ou Z29.2 peuvent être utilisés lors des séjours motivés par l'administration d'une immunothérapie ou d'une chimiothérapie prophylactique, quel qu'en soit le motif, à condition que le caractère prophylactique soit établi.",Caractère prophylactique établi,chapitre_xxi.txt,L232-235,"Z29.1 ou Z29.2 peuvent être utilisés lors des séjours motivés par l’administration d’une immunothérapie ou d’une chimiothérapie prophylactique, quel qu’en soit le motif (infectieux, tumoral…), mais à condition que le caractère prophylactique (préventif) soit établi."
GM2026-V-XXI-21,2026-provisoire,"Guide MCO, chap. V, pp. 93-103, article EMPLOI DES CODES DU CHAPITRE XXI DE LA CIM-10",Z20 à Z29 — catégories utilisables en MCO et droit au DR,condition_emploi,"Parmi les catégories Z20 à Z29, seules Z20, Z21, Z22 et Z29 sont en pratique susceptibles d'être utilisées pour le codage des RUM. Si un code de ces rubriques est en DP, seuls ceux de la catégorie Z29 sont susceptibles de justifier un DR.",,chapitre_xxi.txt,L237-241,"Dans le champ actuel du PMSI en MCO, parmi les catégories Z20 à Z29, seules Z20, Z21, Z22 et Z29 sont, en pratique, susceptibles d’être utilisées pour le codage des RUM. Si un code de ces rubriques est en position de diagnostic principal (DP) d’un RUM, seuls ceux de la catégorie Z29 sont susceptibles de justifier un DR, à condition que l’affection concernée respecte sa définition."
GM2026-V-XXI-22,2026-provisoire,"Guide MCO, chap. V, pp. 93-103, article EMPLOI DES CODES DU CHAPITRE XXI DE LA CIM-10",Z33 — grossesse normale chez une femme hospitalisée pour un autre motif,regle_position,Z33 permet d'enregistrer la grossesse comme diagnostic associé lorsqu'une femme enceinte est hospitalisée pour un motif sans rapport avec elle et qu'elle se déroule normalement.,Motif d'hospitalisation sans rapport avec la grossesse ; grossesse normale,chapitre_xxi.txt,L245-249,"La catégorie Z33 permet, dans le cas d’une femme enceinte hospitalisée pour un motif sans rapport avec sa grossesse, d’enregistrer celle-ci comme diagnostic associé lorsqu’elle se déroule normalement. Exemple : traumatisme de la jambe chez une femme enceinte ; DP : la lésion de la jambe ; diagnostic associé : Z33."
GM2026-V-XXI-23,2026-provisoire,"Guide MCO, chap. V, pp. 93-103, article EMPLOI DES CODES DU CHAPITRE XXI DE LA CIM-10",Z34 et Z35 — surveillance de grossesse,condition_emploi,"Z34 comprend la surveillance des grossesses normales, Z35 celle de toutes les autres — l'intitulé « à haut risque » ne doit pas être lu de manière rigide. Dans les hospitalisations de l'antepartum, la mention d'un code Z35.– est indispensable à l'orientation correcte du RSS dans les GHM de l'antepartum.",,chapitre_xxi.txt,L251-259,"Z34 comprend la surveillance systématique de la grossesse normale […]. L’intitulé de la catégorie Z35 Surveillance d’une grossesse à haut risque ne doit pas être lu de manière rigide. […] Z34 pour les grossesses normales et Z35 pour les autres, c’est-à-dire pour toutes les non normales (à risque, ""haut"" ou non). Dans le cas des hospitalisations de l’antepartum, la mention d’un code Z35.– est indispensable à l’orientation correcte du résumé de sortie standardisé (RSS) dans les groupes homogènes de malades (GHM) de l’antepartum."
GM2026-V-XXI-24,2026-provisoire,"Guide MCO, chap. V, pp. 93-103, article EMPLOI DES CODES DU CHAPITRE XXI DE LA CIM-10",Z37 — résultat de l'accouchement,regle_position,La mention d'un code de la catégorie Z37 comme diagnostic associé est indispensable au classement du RSS dans un GHM d'accouchement ; un code de cette catégorie doit être enregistré dans les RSS de tous les séjours comportant un accouchement.,,chapitre_xxi.txt,L263-267,la mention d’un de ses codes comme diagnostic associé est indispensable au classement du RSS dans un GHM d’accouchement. Un code de cette catégorie doit être enregistré dans les RSS de tous les séjours comportant un accouchement.
GM2026-V-XXI-25,2026-provisoire,"Guide MCO, chap. V, pp. 93-103, article EMPLOI DES CODES DU CHAPITRE XXI DE LA CIM-10",Z38.0 — nouveau-né en bonne santé en maternité,regle_position,"Z38.0 est le code du DP du RUM du nouveau-né dont le séjour se déroule en maternité auprès de sa mère ; dans cette situation il ne justifie aucun diagnostic relié. Lorsque le DP du séjour d'un nouveau-né est un problème de santé, son code doit être d'abord cherché dans le chapitre XVI.",,chapitre_xxi.txt,L269-276,"Z38.0 est le code du DP du RUM du nouveau-né dont le séjour se déroule en maternité auprès de sa mère. Dans cette situation il ne justifie aucun diagnostic relié. Lorsque le diagnostic principal du séjour d’un nouveau-né est un problème de santé, son code doit être d’abord cherché dans le chapitre XVI de la CIM–10 (puis, à défaut, dans un autre chapitre)."
GM2026-V-XXI-26,2026-provisoire,"Guide MCO, chap. V, pp. 93-103, article EMPLOI DES CODES DU CHAPITRE XXI DE LA CIM-10",Z39 — soins et examens du postpartum,regle_position,"Un code Z39 est toujours requis pour les séjours du postpartum ; il ne doit pas être enregistré d'acte d'accouchement dans le RUM, et un code de la catégorie Z37 doit être saisi en diagnostic associé.",,chapitre_xxi.txt,L278-282,Ce code est toujours requis pour les séjours du postpartum. — il ne doit pas être enregistré d’acte d’accouchement dans le RUM ; — un code de la catégorie Z37 Résultat de l’accouchement doit être saisi en position de diagnostic associé.
GM2026-V-XXI-27,2026-provisoire,"Guide MCO, chap. V, pp. 93-103, article EMPLOI DES CODES DU CHAPITRE XXI DE LA CIM-10",Transfert pour soins du postpartum (E1 vers E2),regle_position,"Lorsqu'après un accouchement dans un établissement E1 une mère est transférée avec son enfant dans un établissement E2 pour les soins du postpartum, le DP du RUM de la mère est codé Z39.08 et celui du nouveau-né Z76.2.","Soins standard, pas de complication, nouveau-né normal",chapitre_xxi.txt,L291-297,"Lorsqu’après accouchement dans un établissement de santé E1, une mère est transférée avec son enfant dans un établissement de santé E2 pour les soins du postpartum (soins standard, pas de complication, nouveau-né normal), dans E2 : le DP du RUM de la mère est codé Z39.08 […] ; le DP du RUM du nouveau-né est codé Z76.2."
GM2026-V-XXI-28,2026-provisoire,"Guide MCO, chap. V, pp. 93-103, article EMPLOI DES CODES DU CHAPITRE XXI DE LA CIM-10",Z40 — actes prophylactiques et thérapeutiques pour tumeur maligne,regle_position,Z40.0 a reçu des extensions signalant l'organe opéré. L'emploi des codes Z40 concerne aussi les interventions à but thérapeutique ou prophylactique portant sur d'autres localisations : une ovariectomie de castration pour cancer du sein hormonosensible se code Z40.01 en DP.,,chapitre_xxi.txt,L305-311,"des extensions, permettant de signaler l’organe opéré, ont été ajoutées au code ""Z40.0 = opération prophylactique pour facteur de risque de tumeur maligne"". L’utilisation des codes Z40 concerne également les interventions réalisées à but thérapeutique ou prophylactique, dans le cadre de la prise en charge de tumeurs malignes portant sur d’autres localisations. Ainsi, dans le cadre du traitement d’un cancer du sein hormonosensible, une ovariectomie pour castration doit être codée avec le code Z40.01 en DP."
GM2026-V-XXI-29,2026-provisoire,"Guide MCO, chap. V, pp. 93-103, article EMPLOI DES CODES DU CHAPITRE XXI DE LA CIM-10",Z41 — chirurgie esthétique et interventions de confort,regle_position,"Lorsqu'il s'agit de chirurgie esthétique, le DP doit toujours être codé Z41.0 ou Z41.1, à l'exclusion de tout autre code ; le défaut corrigé peut être codé en DR. Z41.80 code les interventions dites de confort.",,chapitre_xxi.txt,L324-341,"lorsqu’il s’agit de chirurgie esthétique le DP doit toujours être codé Z41.0 ou Z41.1, à l’exclusion de tout autre code ; le défaut corrigé peut être codé en position de diagnostic relié (DR). — La catégorie Z41 comprend les soins ""sans raison médicale"" […]. Elle est notamment destinée au codage du DP des séjours pour chirurgie esthétique (Z41.0, Z41.1) et pour intervention dite de confort (Z41.80)."
GM2026-V-XXI-30,2026-provisoire,"Guide MCO, chap. V, pp. 93-103, article EMPLOI DES CODES DU CHAPITRE XXI DE LA CIM-10",Z42 — chirurgie plastique non esthétique,regle_position,"Pour une chirurgie plastique non esthétique, de réparation d'une lésion congénitale ou acquise prise en charge par l'assurance maladie, le DP est codé avec un autre code de la CIM–10 — un code des chapitres I à XIX ou un code de la catégorie Z42 — le meilleur code étant le plus précis. Avec un DP codé Z42.–, le motif de l'intervention peut être mentionné en DR.",,chapitre_xxi.txt,L342-356,"lorsqu’il s’agit de chirurgie plastique non esthétique, de réparation d’une lésion congénitale ou acquise, prise en charge par l’assurance maladie obligatoire, le DP doit être codé avec un autre code de la CIM–10 ; il peut s’agir d’un code des chapitres I à XIX ou d’un code de la catégorie Z42 […]. Avec un DP codé Z42.– le motif de l’intervention peut être mentionné en position de DR s’il respecte sa définition. Exemples : – mise en place de prothèses internes pour augmentation du volume mammaire à visée esthétique : Z41.1 ; – mise en place d’une prothèse mammaire interne après mastectomie : Z42.1 ; – rhinoplastie à visée esthétique : Z41.1 ; – rhinoplastie pour déviation de la cloison nasale : J34.2 ; – exérèse d’une cicatrice chéloïde : L91.0."
GM2026-V-XXI-31,2026-provisoire,"Guide MCO, chap. V, pp. 93-103, article EMPLOI DES CODES DU CHAPITRE XXI DE LA CIM-10","Z43 — soins de stomie ponctuels, opposés à Z93",definition,"Z43 est une rubrique de soins de stomie ponctuels, incluant la fermeture de la stomie. Elle exclut les soins habituels effectuables à domicile, qui se codent avec Z93, et les complications comprises dans J95.0, K91.4 et N99.5.",,chapitre_xxi.txt,L364-370,"La catégorie Z43 est une rubrique de soins de stomie. Elle comprend des soins médicaux ponctuels […] incluant la fermeture de la stomie. […] La catégorie Z43 exclut les soins habituels tels qu’effectués ou effectuables à domicile (soins quotidiens d’hygiène, changements de poche ou de canule de trachéostomie) qui se codent avec la catégorie Z93 (voir plus loin). Elle exclut aussi les complications comprises dans les rubriques J95.0, K91.4 et N99.5."
GM2026-V-XXI-32,2026-provisoire,"Guide MCO, chap. V, pp. 93-103, article EMPLOI DES CODES DU CHAPITRE XXI DE LA CIM-10",Z45.0 — implantation d'un stimulateur ou défibrillateur cardiaque,regle_position,"Par convention, le DP d'un séjour pour l'implantation d'un stimulateur ou d'un défibrillateur cardiaque est la cardiopathie qui la justifie, et non Z45.0.",,chapitre_xxi.txt,L388-389,"Par convention, le diagnostic principal d’un séjour pour l’implantation d’un stimulateur ou d’un défibrillateur cardiaque est la cardiopathie qui la justifie, et non Z45.0."
GM2026-V-XXI-33,2026-provisoire,"Guide MCO, chap. V, pp. 93-103, article EMPLOI DES CODES DU CHAPITRE XXI DE LA CIM-10",Z49.0 — confection d'une fistule de dialyse,regle_position,"Le DP des séjours pour mise en place d'une fistule de dialyse rénale est codé Z49.0 et non Z45.2. La catégorie Z49, malgré le mot « surveillance » de son intitulé, comprend les prises en charge pour actes de préparation à la dialyse rénale.",,chapitre_xxi.txt,L394-396 et L434-438,"Le DP des séjours pour mise en place d’une fistule de dialyse rénale est codé Z49.0 et non Z45.2. — La catégorie Z49, malgré la présence du mot ""surveillance"" dans son intitulé, comprend les prises en charge pour des actes de préparation à la dialyse rénale ; Z49.0 comprend ainsi la mise en place des fistules et cathéters de dialyse. […] il faut coder Z49.0 (et non Z45.2) le DP des séjours pour la confection d’une fistule."
GM2026-V-XXI-34,2026-provisoire,"Guide MCO, chap. V, pp. 93-103, article EMPLOI DES CODES DU CHAPITRE XXI DE LA CIM-10",Z45.84 — mise en place d'un stimulateur du système nerveux central,regle_position,Le DP des hospitalisations pour la mise en place d'un stimulateur du système nerveux central (cérébral ou médullaire) doit être codé Z45.84.,,chapitre_xxi.txt,L398-401,Le DP des hospitalisations pour la mise en place d’un stimulateur du système nerveux central (cérébral ou médullaire) doit être codé Z45.84 Ajustement et entretien d’une prothèse interne du système nerveux central.
GM2026-V-XXI-35,2026-provisoire,"Guide MCO, chap. V, pp. 93-103, article EMPLOI DES CODES DU CHAPITRE XXI DE LA CIM-10",Z43 ou Z45 en DA redondant avec un acte CCAM,interdiction,"Lorsqu'un code des catégories Z43 ou Z45 correspond à une prise en charge pour laquelle un code d'acte existe dans la CCAM, la saisie dans le même RUM du code Z43.– ou Z45.– en position de diagnostic associé, en sus de celui de l'acte, est redondante et n'est pas justifiée.",Un code d'acte CCAM existe pour la prise en charge,chapitre_xxi.txt,L405-410,"Lorsqu’un code des catégories Z43 ou Z45 de la CIM–10 correspond à une prise en charge pour laquelle un code d’acte existe dans la CCAM, la saisie dans le même RUM du code Z43.– ou Z45.– en position de diagnostic associé (DA) en sus de celui de l’acte est redondante et n’est pas justifiée. Un tel emploi de ""codes Z"" serait incorrect au regard de la CIM–10."
GM2026-V-XXI-36,2026-provisoire,"Guide MCO, chap. V, pp. 93-103, article EMPLOI DES CODES DU CHAPITRE XXI DE LA CIM-10",Z47.0 — ablation de matériel d'ostéosynthèse,regle_position,"Z47.0 doit être utilisé pour coder le DP des séjours pour ablation de matériel d'ostéosynthèse. Au terme de ces séjours, il ne faut pas coder à nouveau la lésion osseuse initiale guérie ou consolidée, ni comme DP, ni comme DR, ni comme diagnostic associé. Z47.0 code aussi le DP des séjours pour retrait d'un espaceur et repose de prothèse définitive.",,chapitre_xxi.txt,L418-427,"Z47.0 doit notamment être utilisé pour coder le DP des séjours pour ablation de matériel d’ostéosynthèse ; il ne faut pas, au terme de ces séjours, coder à nouveau la lésion osseuse initiale guérie ou consolidée, ni comme DP, ni comme DR, ni comme diagnostic associé ; elle ne peut éventuellement être qu’une donnée à visée documentaire. Le DP des séjours pour retrait de prothèse temporaire de type espaceur (spacer), mise en place suite à une infection, et repose de prothèse définitive se code Z47.0."
GM2026-V-XXI-37,2026-provisoire,"Guide MCO, chap. V, pp. 93-103, article EMPLOI DES CODES DU CHAPITRE XXI DE LA CIM-10",Z48 — soins postinterventionnels immédiats,definition,"Z48 peut être employée pour les soins postinterventionnels immédiats : surveillance postopératoire et surveillance faisant suite à un acte médicotechnique (endoscopie, endovasculaire, imagerie interventionnelle).",,chapitre_xxi.txt,L429-432,La catégorie Z48 peut être employée pour les soins postinterventionnels immédiats. Par soins postinterventionnels on entend notamment la surveillance postopératoire et celle qui fait suite à un acte médicotechnique tel qu’une intervention par voie endoscopique ou endovasculaire et l’imagerie interventionnelle.
GM2026-V-XXI-38,2026-provisoire,"Guide MCO, chap. V, pp. 93-103, article EMPLOI DES CODES DU CHAPITRE XXI DE LA CIM-10",Z51 — séjours pour actes thérapeutiques,regle_position,"Tous les séjours pour chimiothérapie, radiothérapie, transfusion sanguine, aphérèse sanguine ou oxygénothérapie hyperbare, qu'il s'agisse de séances ou d'hospitalisation complète, doivent comporter en DP le code ad hoc de la catégorie Z51. Z51.1 code le DP des séjours pour chimiothérapie pour tumeur ; Z51.2 les autres chimiothérapies ; Z51.30 la transfusion sanguine ; Z51.31 l'aphérèse.",,chapitre_xxi.txt,"L455, L460-463, L469-470, L475-478","Tous les séjours pour chimiothérapie, radiothérapie, transfusion sanguine, aphérèse sanguine, oxygénothérapie hyperbare, qu’il s’agisse de séances ou d’hospitalisation complète, doivent comporter en position de DP le code ad hoc de la catégorie Z51 de la CIM–10. — Z51.1 code le DP des séjours pour chimiothérapie pour tumeur. — Z51.2 est employé pour les autres séjours pour ""chimiothérapie"", dès lors que l’affection traitée n’est pas une tumeur. — Z51.30 est le code du DP des séjours pour transfusion sanguine ; Z51.31 est le code du DP des séjours pour aphérèse sanguine."
GM2026-V-XXI-39,2026-provisoire,"Guide MCO, chap. V, pp. 93-103, article EMPLOI DES CODES DU CHAPITRE XXI DE LA CIM-10",Z51 en DP — la maladie traitée en diagnostic relié,regle_position,"Lorsqu'un code Z51.0–, Z51.1, Z51.2, Z51.3–, Z51.5 ou Z51.8– est en position de DP, la maladie traitée est enregistrée comme diagnostic relié chaque fois qu'elle respecte sa définition, ce qui est le plus souvent le cas.",La maladie traitée respecte la définition du DR,chapitre_xxi.txt,L480-482,"Lorsqu’un code Z51.0–, Z51.1, Z51.2, Z51.3–, Z51.5 ou Z51.8– est en position de DP, la maladie traitée est enregistrée comme diagnostic relié chaque fois qu’elle respecte sa définition, ce qui est le plus souvent le cas."
GM2026-V-XXI-40,2026-provisoire,"Guide MCO, chap. V, pp. 93-103, article EMPLOI DES CODES DU CHAPITRE XXI DE LA CIM-10",Z51 en DA redondant avec un acte CCAM,interdiction,"Lorsqu'un code de la catégorie Z51 correspond à une prise en charge pour laquelle un code d'acte existe dans la CCAM, la saisie du code Z51.– en diagnostic associé en sus de celui de l'acte est redondante et n'est pas justifiée. Z51.00 et Z51.01 font exception : lorsqu'un acte d'irradiation est effectué au cours d'une hospitalisation pour un autre motif, Z51.01 figure dans le même RUM que l'acte.",Un code d'acte CCAM existe ; hors Z51.00 et Z51.01,chapitre_xxi.txt,L484-493,"Lorsqu’un code de la catégorie Z51 de la CIM–10 correspond à une prise en charge pour laquelle un code d’acte existe dans la CCAM, la saisie dans le même RUM du code Z51.– en position de diagnostic associé (DA) en sus de celui de l’acte est redondante et n’est pas justifiée. […] Z51.00 Séance de préparation à une irradiation et Z51.01 Séance d’irradiation font exception. Lorsqu’un acte d’irradiation est effectué au cours d’une hospitalisation pour un autre motif (un autre DP), Z51.01 figure dans le même RUM que l’acte."
GM2026-V-XXI-41,2026-provisoire,"Guide MCO, chap. V, pp. 93-103, article EMPLOI DES CODES DU CHAPITRE XXI DE LA CIM-10",Z52 — prélèvement d'organes ou de tissus,regle_position,"Les codes de la catégorie Z52 sont utilisés pour le codage du DP du RSS produit pour un sujet admis aux fins de prélèvements d'organes ou de tissus. Z52.80 Donneuse d'ovocytes est employé comme DP du séjour pour prélèvement d'ovocytes, et comme diagnostic associé en cas de partage (egg sharing).",,chapitre_xxi.txt,L517-525,Les codes de la catégorie Z52 sont utilisés pour le codage du diagnostic principal du RSS produit pour un sujet admis aux fins de prélèvements d’organes ou de tissus. Le code étendu national Z52.80 Donneuse d’ovocytes a été créé pour être utilisé depuis 2012 dans deux circonstances : comme diagnostic principal du séjour pour prélèvement d’ovocytes ; comme diagnostic associé du séjour de prélèvement d’ovocytes en cas de partage (egg sharing).
GM2026-V-XXI-42,2026-provisoire,"Guide MCO, chap. V, pp. 93-103, article EMPLOI DES CODES DU CHAPITRE XXI DE LA CIM-10",Z53 — soins prévus non prodigués,condition_emploi,"Z53 permet le codage des circonstances dans lesquelles les soins prévus à l'admission ne sont pas prodigués ; le mot « acte » de l'intitulé doit être lu au sens étendu de « prestation de soins », « prise en charge ».",,chapitre_xxi.txt,L527-532,"La catégorie Z53 permet le codage des circonstances dans lesquelles les soins prévus à l’admission ne sont pas prodigués ; le mot acte de l’intitulé doit être lu avec l’acception étendue de ""prestation de soins"", ""prise en charge"". Exemples : – refus d’une transfusion sanguine pour motif de conviction : Z53.1 ; – sortie contre avis médical ou par fuite : Z53.2."
GM2026-V-XXI-43,2026-provisoire,"Guide MCO, chap. V, pp. 93-103, article EMPLOI DES CODES DU CHAPITRE XXI DE LA CIM-10",Z65.1 — personne détenue,regle_position,Z65.1 Emprisonnement ou autre incarcération doit être enregistré en position de diagnostic associé lorsque les soins ont été dispensés à une personne détenue.,,chapitre_xxi.txt,L552-553,Z65.1 Emprisonnement ou autre incarcération doit être enregistré en position de diagnostic associé lorsque les soins ont été dispensés à une personne détenue.
GM2026-V-XXI-44,2026-provisoire,"Guide MCO, chap. V, pp. 93-103, article EMPLOI DES CODES DU CHAPITRE XXI DE LA CIM-10",Z74.2 — défaillance de l'aide à domicile,condition_emploi,"Z74.2 est employé lorsqu'une personne qui ne peut vivre à son domicile qu'avec une aide doit être hospitalisée, ou maintenue en hospitalisation, du fait de l'absence ou de la défaillance de celle-ci.",,chapitre_xxi.txt,L555-562,"Z74.2 Besoin d’assistance à domicile, aucun autre membre du foyer n’étant capable d’assurer les soins est employé lorsqu’une personne qui ne peut vivre à son domicile qu’avec une aide, doit être hospitalisée ou maintenue en hospitalisation du fait de l’absence ou de la défaillance de celle-ci."
GM2026-V-XXI-45,2026-provisoire,"Guide MCO, chap. V, pp. 93-103, article EMPLOI DES CODES DU CHAPITRE XXI DE LA CIM-10",Z75.1 — attente d'admission ailleurs,condition_emploi,"Z75.1 ne doit être employé que si le séjour ou la prolongation de l'hospitalisation est motivé par la seule attente de l'unité ou de l'établissement adéquat, et non par un événement morbide.",Séjour motivé par la seule attente,chapitre_xxi.txt,L564-566,"Z75.1 Sujet attendant d’être admis ailleurs, dans un établissement adéquat ne doit être employé que si le séjour ou la prolongation de l’hospitalisation est motivé par la seule attente de l’unité ou de l’établissement adéquat, non par un évènement morbide."
GM2026-V-XXI-46,2026-provisoire,"Guide MCO, chap. V, pp. 93-103, article EMPLOI DES CODES DU CHAPITRE XXI DE LA CIM-10",Z75.80 — sens du mot « acte »,definition,"Dans l'intitulé de Z75.80, le mot « acte » ne doit pas être limité à la notion d'acte médicotechnique : il doit être compris au sens large de « prestation de soins », « prise en charge ».",,chapitre_xxi.txt,L575-577,"Dans l’intitulé de Z75.80 Sujet adressé dans un autre établissement, pour réalisation d’un acte, le sens du mot ""acte"" ne doit pas être limité à la notion d’acte médicotechnique. Il doit être compris avec le sens large de ""prestation de soins"", ""prise en charge""."
GM2026-V-XXI-47,2026-provisoire,"Guide MCO, chap. V, pp. 93-103, article EMPLOI DES CODES DU CHAPITRE XXI DE LA CIM-10",Z76.800 — infection ostéoarticulaire complexe,regle_position,"Z76.800 doit être enregistré comme DA dès lors que le patient a fait l'objet d'une réunion de concertation pluridisciplinaire visée par un centre interrégional de référence ayant confirmé le caractère complexe de l'IOA. Même si une seule RCP a été réalisée, Z76.800 doit être saisi dans les RUM de tous les séjours ultérieurs motivés par la prise en charge de l'IOA.",RCP visée par un centre interrégional de référence,chapitre_xxi.txt,L585-591,"Z76.800 Sujet ayant recours aux services de santé après une réunion de concertation pluridisciplinaire [RCP] ayant établi la complexité d’une infection ostéoarticulaire doit être enregistré comme DA dès lors que le patient a fait l’objet d’une réunion de concertation pluridisciplinaire visée par un centre interrégional de référence ayant confirmé le caractère complexe de l’IOA. Même si une seule RCP a été réalisée, Z76.800 doit être saisi dans les RUM de tous les séjours ultérieurs du patient motivés par la prise en charge de l’IOA."
GM2026-V-XXI-48,2026-provisoire,"Guide MCO, chap. V, pp. 93-103, article EMPLOI DES CODES DU CHAPITRE XXI DE LA CIM-10",Z76.850 — nouveau-né recevant du lait d'un lactarium,regle_position,Z76.850 doit être enregistré comme DA dans le RUM du séjour des nouveau-nés recevant du lait d'un lactarium.,,chapitre_xxi.txt,L593-594,"Pour identifier les nouveau-nés recevant du lait d’un lactarium, Z76.850 Enfant recevant du lait provenant d’un lactarium doit être enregistré comme DA dans le RUM de leur séjour."
GM2026-V-XXI-49,2026-provisoire,"Guide MCO, chap. V, pp. 93-103, article EMPLOI DES CODES DU CHAPITRE XXI DE LA CIM-10",Z80 à Z92 — un DP d'antécédent ne justifie jamais de DR,interdiction,Les codes des catégories Z80 à Z92 peuvent notamment être utilisés pour le codage du DP dans des situations diagnostiques. Un DP d'antécédent personnel ou familial de maladie ne justifie jamais de diagnostic relié.,,chapitre_xxi.txt,L597-604,"Les codes de ces catégories peuvent notamment être utilisés pour le codage du DP dans des situations de diagnostique au sens du guide des situations cliniques […]. Exemple : patient ayant un antécédent familial de cancer colique, hospitalisé pour coloscopie, où la coloscopie ne retrouve aucune lésion : le DP est Z80.00. Un DP d’antécédent personnel ou familial de maladie ne justifie jamais de diagnostic relié."
GM2026-V-XXI-50,2026-provisoire,"Guide MCO, chap. V, pp. 93-103, article EMPLOI DES CODES DU CHAPITRE XXI DE LA CIM-10",Z92.1 et Z92.2 — traitements pris antérieurement,condition_emploi,"Ces codes peuvent être employés lorsqu'un recours aux soins est motivé par la prise d'un médicament prescrit antérieurement, que la prise soit poursuivie (« utilisation actuelle ») ou qu'elle ait cessé au moment du recours — l'acception du mot « antécédent » étant large dans la CIM–10.",,chapitre_xxi.txt,L606-613,"Z92.1 et Z92.2 : la complexité apparente de leur intitulé est due à l’acception étymologique large du mot ""antécédent"" qui est celle de la CIM–10. Ces codes peuvent être employés lorsqu’un recours aux soins est motivé par la prise d’un médicament prescrit antérieurement, que la prise soit poursuivie (""utilisation actuelle"") ou qu’elle ait cessé au moment du recours. Exemple : patient porteur d’une valve cardiaque prothétique, prenant un antivitamine K (AVK) au long cours, hospitalisé pour extractions dentaires : le DP est l’affection dentaire, la prise de l’AVK (Z92.1) est un DAS."
GM2026-V-XXI-51,2026-provisoire,"Guide MCO, chap. V, pp. 93-103, article EMPLOI DES CODES DU CHAPITRE XXI DE LA CIM-10","Z93 — soins habituels de stomie, opposés à Z43",definition,"Z93 est employée pour le codage des soins de stomie habituels, tels qu'effectués ou effectuables à domicile (soins quotidiens d'hygiène, changements de poche, changements de canule de trachéostomie). Elle s'oppose à Z43.",,chapitre_xxi.txt,L614-618,"La catégorie Z93 est une rubrique relative aux stomies. On l’emploie pour le codage des soins habituels tels qu’effectués ou effectuables à domicile (soins quotidiens d’hygiène, changements de poche, changements de canule de trachéostomie). Elle s’oppose à la catégorie Z43."
GM2026-V-XXI-52,2026-provisoire,"Guide MCO, chap. V, pp. 93-103, article EMPLOI DES CODES DU CHAPITRE XXI DE LA CIM-10",Z94 et Z95 — surveillance négative de greffes et prothèses,regle_position,"Z94 et Z95 sont employées pour coder le DP des situations de surveillance négative des porteurs d'organe ou de tissu greffé (Z94), de pontage coronaire, de prothèse endoartérielle, de prothèse valvulaire cardiaque et autres implants cardiaques et vasculaires (Z95).",Surveillance négative (aucune anomalie constatée),chapitre_xxi.txt,L620-640 et L692-693 (note 47),"Les catégories Z94 et Z95 sont employées pour coder le DP des situations de surveillance négative des porteurs d’organe ou de tissu greffé (Z94), de pontage coronaire et de prothèse endoartérielle (stent), de prothèse valvulaire cardiaque et ""autres implants et greffes et cardiaques et vasculaires"". Exemples : – patient porteur d’un cœur transplanté […] aucune anomalie n’est constatée ; le DP du séjour est codé Z94.1 ; – patient porteur d’un pontage coronaire hospitalisé pour bilan de surveillance ; aucune anomalie n’est constatée : le DP du séjour est codé Z95.1. — Un rejet, en revanche, doit être codé T86.2."
GM2026-V-XXI-53,2026-provisoire,"Guide MCO, chap. V, pp. 93-103, article EMPLOI DES CODES DU CHAPITRE XXI DE LA CIM-10",Z96 et Z97 — présence d'implants et prothèses,condition_emploi,"Z96 et Z97 permettent le codage de la présence de divers implants, prothèses et appareils. Leur emploi n'est admissible qu'en l'absence de complication.",Absence de complication,chapitre_xxi.txt,L642-645,"Les catégories Z96 et Z97 permettent le codage de la présence de divers implants, prothèses et appareils. Leur emploi n’est admissible qu’en l’absence de complication. En cas de soins nécessités par une complication, se reporter plus haut dans ce chapitre au point traitant des complications des actes médicaux et chirurgicaux."
GM2026-V-XXI-54,2026-provisoire,"Guide MCO, chap. V, pp. 93-103, article EMPLOI DES CODES DU CHAPITRE XXI DE LA CIM-10","Z93, Z95 ou Z96 en DA redondant avec un acte CCAM",interdiction,"Lorsqu'un code des catégories Z93, Z95 ou Z96 correspond à une prise en charge pour laquelle un code d'acte existe dans la CCAM, la saisie du code Z93.–, Z95.– ou Z96.– en diagnostic associé en sus de celui de l'acte est redondante et n'est pas justifiée.",Un code d'acte CCAM existe pour la prise en charge,chapitre_xxi.txt,L647-662,"Lorsqu’un code des catégories Z93, Z95 ou Z96 de la CIM–10 correspond à une prise en charge pour laquelle un code d’acte existe dans la CCAM, la saisie dans le même RUM du code Z93.–, Z95.– ou Z96.– en position de diagnostic associé (DA) en sus de celui de l’acte est redondante et n’est pas justifiée. Un tel emploi de ""codes Z"" serait incorrect au regard de la CIM–10."
GM2026-V-XXI-55,2026-provisoire,"Guide MCO, chap. V, pp. 93-103, article EMPLOI DES CODES DU CHAPITRE XXI DE LA CIM-10","Z99 — dépendance chronique, non phase aigüe",condition_emploi,Est dépendante envers une machine une personne atteinte d'une affection chronique dont la survie est subordonnée à l'utilisation régulière et durable de ce matériel. Les codes Z99 ne doivent pas être employés pour mentionner l'utilisation d'un tel matériel en phase aigüe.,Affection chronique ; pas d'emploi en phase aigüe,chapitre_xxi.txt,L664-674,"Est dépendante envers une machine ou un appareil une personne atteinte d’une affection chronique dont la survie est subordonnée à l’utilisation régulière et durable de ce matériel. C’est en ce sens que doit être comprise l’utilisation des codes de la catégorie Z99. Ils ne doivent pas être employés pour mentionner l’utilisation d’un matériel de ce type en phase aigüe : par exemple, Z99.0 Dépendance envers un aspirateur ou Z99.1 Dépendance envers un respirateur ne doivent pas servir à mentionner l’utilisation de ces matériels chez un patient sous ventilation mécanique pour insuffisance respiratoire aigüe, Z99.2 Dépendance envers une dialyse rénale ne peut pas être employé pour les séjours des patients dialysés pour insuffisance rénale aigüe."
